Transaccion Num,Fecha y Hora,Cod Prod,Tipo Venta,Cantidad,Ciudad,Categoría,Subcategoría
626565,2025-01-01 04:32:33.997,HOGA-90043,Online,3,NAO,HOG,HOGA
626566,2025-01-01 06:33:16.054,AUDD-31740,Tienda,1,OSA,AUD,AUDD
626567,2025-01-01 07:35:27.697,VJGA-17330,Online,1,TOK,VJG,VJGA
626568,2025-01-01 17:00:43.511,AUDD-77460,Online,3,TOK,AUD,AUDD
626569,2025-01-01 22:24:38.965,ELEH-70263,Online,1,NAO,ELE,ELEH
626570,2025-01-02 05:28:31.643,VJGC-20413,Online,1,KYO,VJG,VJGC
626571,2025-01-02 06:35:55.186,JUGB-18137,Online,1,TOK,JUG,JUGB
626572,2025-01-02 11:33:39.511,TVSC-95263,Online,1,TOK,TVS,TVSC
626573,2025-01-02 18:13:53.163,VALC-66861,Online,1,OSA,VAL,VALC
626574,2025-01-02 22:47:51.349,SALC-82294,Tienda,2,TOK,SAL,SALC
626575,2025-01-02 23:11:17.374,TCLC-55666,Online,1,YOK,TCL,TCLC
626576,2025-01-03 05:12:06.545,SVSA-57564,Online,1,TOK,SVS,SVSA
626577,2025-01-03 10:43:54.821,CAMG-10217,Online,3,YOK,CAM,CAMG
626578,2025-01-03 17:28:13.844,VJGC-22284,Online,1,TOK,VJG,VJGC
626579,2025-01-03 17:29:20.039,PMUA-42938,Online,1,OSA,PMU,PMUA
626580,2025-01-03 22:59:18.321,AUDA-46953,Online,1,TOK,AUD,AUDA
626581,2025-01-04 03:39:27.650,PMUF-96262,Online,1,KYO,PMU,PMUF
626582,2025-01-04 13:09:05.573,JUGC-46673,Tienda,1,TOK,JUG,JUGC
626583,2025-01-05 00:39:40.508,HINB-81416,Online,1,NAO,HIN,HINB
626584,2025-01-05 08:05:40.282,AUDA-46953,Online,1,TOK,AUD,AUDA
626585,2025-01-05 16:39:14.861,TVSK-49740,Online,1,TOK,TVS,TVSK
626586,2025-01-05 23:00:32.965,ELED-48374,Online,2,TOK,ELE,ELED
626587,2025-01-06 00:02:40.189,PCTE-68553,Online,1,NAO,PCT,PCTE
626588,2025-01-06 09:50:19.741,TCLA-28159,Tienda,1,OSA,TCL,TCLA
626589,2025-01-06 20:35:09.262,TVSB-25580,Online,1,TOK,TVS,TVSB
626590,2025-01-07 01:38:33.367,EAGA-34753,Online,1,OSA,EAG,EAGA
626591,2025-01-07 02:03:17.095,JUGB-88309,Online,1,OSA,JUG,JUGB
626592,2025-01-07 07:06:54.709,JUGA-79838,Online,1,TOK,JUG,JUGA
626593,2025-01-07 08:59:06.810,AUDC-86094,Online,1,OSA,AUD,AUDC
626594,2025-01-07 14:43:14.786,TREA-95262,Online,1,TOK,TRE,TREA
626595,2025-01-08 02:01:40.420,PMUE-65102,Online,1,KYO,PMU,PMUE
626596,2025-01-08 11:41:28.293,TVSB-98079,Tienda,1,OSA,TVS,TVSB
626597,2025-01-08 15:19:27.795,HIND-23105,Online,1,YOK,HIN,HIND
626598,2025-01-08 23:20:21.565,TVSC-31110,Online,1,TOK,TVS,TVSC
626599,2025-01-09 01:10:11.043,AUDG-29794,Online,1,OSA,AUD,AUDG
626600,2025-01-09 06:37:42.450,SALA-26965,Online,1,TOK,SAL,SALA
626601,2025-01-09 07:37:32.921,SVSA-29587,Online,1,TOK,SVS,SVSA
626602,2025-01-09 16:05:37.098,TVSC-48439,Online,1,OSA,TVS,TVSC
626603,2025-01-10 00:39:12.189,PMUF-20641,Online,3,NAO,PMU,PMUF
626604,2025-01-10 10:26:05.623,TREA-19376,Tienda,2,SAP,TRE,TREA
626605,2025-01-10 19:45:54.341,SALB-68587,Online,2,TOK,SAL,SALB
626606,2025-01-11 06:38:24.643,PMUF-26187,Online,3,NAO,PMU,PMUF
626607,2025-01-11 12:59:19.792,EAGA-87908,Online,1,SEN,EAG,EAGA
626608,2025-01-11 16:40:05.121,DEPB-31559,Online,1,TOK,DEP,DEPB
626609,2025-01-11 20:45:59.770,CAMB-73801,Online,1,OSA,CAM,CAMB
626610,2025-01-12 03:48:28.352,TREA-44920,Online,1,OSA,TRE,TREA
626611,2025-01-12 11:33:52.721,ELEC-75599,Online,1,YOK,ELE,ELEC
626612,2025-01-12 16:45:14.192,CAMB-91772,Online,1,OSA,CAM,CAMB
626613,2025-01-13 00:51:06.815,PMUB-59474,Online,1,TOK,PMU,PMUB
626614,2025-01-13 09:33:44.175,SALC-64898,Online,1,YOK,SAL,SALC
626615,2025-01-13 12:07:56.556,SALB-74444,Online,1,KAW,SAL,SALB
626616,2025-01-13 21:28:11.486,TVSH-63112,Online,2,OSA,TVS,TVSH
626617,2025-01-14 03:47:07.474,SALD-31997,Online,3,YOK,SAL,SALD
626618,2025-01-14 11:21:19.994,SALD-86893,Online,1,OKA,SAL,SALD
626619,2025-01-14 11:23:53.760,TREC-66159,Online,1,NAO,TRE,TREC
626620,2025-01-14 20:50:07.016,VALB-17575,Online,1,TOK,VAL,VALB
626621,2025-01-14 21:10:43.428,TVSA-81183,Online,3,TOK,TVS,TVSA
626622,2025-01-15 04:10:55.104,PMUF-90686,Online,1,NAO,PMU,PMUF
626623,2025-01-15 05:16:35.937,PMUD-13214,Online,1,TOK,PMU,PMUD
626624,2025-01-15 10:32:24.653,AUDC-38249,Online,1,NAO,AUD,AUDC
626625,2025-01-15 13:31:06.741,AUDA-83559,Online,1,TOK,AUD,AUDA
626626,2025-01-15 19:55:22.611,TVSF-68361,Online,1,SEN,TVS,TVSF
626627,2025-01-15 21:55:22.514,PCTB-10627,Online,1,TOK,PCT,PCTB
626628,2025-01-16 05:18:54.659,TVSA-47994,Online,1,SAI,TVS,TVSA
626629,2025-01-16 15:30:56.722,TVSA-94757,Online,1,OSA,TVS,TVSA
626630,2025-01-16 19:57:41.623,SVSB-30110,Online,2,TOK,SVS,SVSB
626631,2025-01-17 07:40:44.131,TVSE-38644,Online,3,TOK,TVS,TVSE
626632,2025-01-17 14:21:26.228,HOGC-31342,Online,1,FUK,HOG,HOGC
626633,2025-01-17 22:18:04.980,CAMD-15276,Online,1,TOK,CAM,CAMD
626634,2025-01-18 04:28:12.771,GFTB-12530,Online,1,OSA,GFT,GFTB
626635,2025-01-18 11:46:31.623,PCTE-38007,Online,1,TOK,PCT,PCTE
626636,2025-01-18 22:06:34.073,ELEC-75599,Online,1,TOK,ELE,ELEC
626637,2025-01-19 05:18:36.584,PMUA-42938,Online,1,YOK,PMU,PMUA
626638,2025-01-19 11:36:31.868,ELEB-19207,Tienda,1,OSA,ELE,ELEB
626639,2025-01-19 21:48:24.007,VALB-85023,Online,1,TOK,VAL,VALB
626640,2025-01-20 06:45:09.186,PMUE-65102,Tienda,1,KAW,PMU,PMUE
626641,2025-01-20 14:05:20.756,ELEA-46113,Online,3,TOK,ELE,ELEA
626642,2025-01-20 19:04:24.756,PMUF-90686,Online,2,NAO,PMU,PMUF
626643,2025-01-21 03:34:42.750,PCTG-55933,Tienda,1,TOK,PCT,PCTG
626644,2025-01-21 13:43:41.247,HOGC-38780,Online,2,SAI,HOG,HOGC
626645,2025-01-21 20:03:23.460,AUDG-75395,Online,1,OSA,AUD,AUDG
626646,2025-01-21 23:43:13.268,TREC-33239,Online,1,TOK,TRE,TREC
626647,2025-01-22 03:40:08.876,AUDG-66570,Online,1,OSA,AUD,AUDG
626648,2025-01-22 04:09:40.337,TVSH-64984,Tienda,1,YOK,TVS,TVSH
626649,2025-01-22 09:49:18.113,HINB-59918,Online,3,YOK,HIN,HINB
626650,2025-01-22 12:19:49.826,SALC-74981,Online,1,YOK,SAL,SALC
626651,2025-01-22 15:54:46.374,TREC-94463,Online,1,TOK,TRE,TREC
626652,2025-01-22 19:03:06.663,TREA-19376,Online,3,KYO,TRE,TREA
626653,2025-01-23 00:38:23.558,AUDD-93430,Online,1,NAO,AUD,AUDD
626654,2025-01-23 03:59:18.388,GFTB-31427,Online,1,OSA,GFT,GFTB
626655,2025-01-23 08:29:54.272,TREC-38459,Online,1,TOK,TRE,TREC
626656,2025-01-23 11:52:18.835,HOGC-66643,Tienda,1,TOK,HOG,HOGC
626657,2025-01-23 15:47:42.584,TCLB-73973,Online,1,TOK,TCL,TCLB
626658,2025-01-24 00:05:18.555,ELEF-97191,Online,1,NAA,ELE,ELEF
626659,2025-01-24 02:41:43.141,TVSF-97412,Online,1,TOK,TVS,TVSF
626660,2025-01-24 13:13:25.882,EAGA-51758,Online,2,NAO,EAG,EAGA
626661,2025-01-24 20:27:25.006,ELEA-50206,Online,1,TOK,ELE,ELEA
626662,2025-01-25 04:15:45.750,VJGA-77269,Online,1,TOK,VJG,VJGA
626663,2025-01-25 13:10:59.704,PMUB-53988,Online,1,TOK,PMU,PMUB
626664,2025-01-25 15:13:02.853,VALC-92225,Online,1,TOK,VAL,VALC
626665,2025-01-25 19:22:02.553,HIND-90525,Online,1,OKA,HIN,HIND
626666,2025-01-25 21:31:17.829,TVSC-15871,Online,1,TOK,TVS,TVSC
626667,2025-01-26 04:16:08.862,TVSC-48100,Online,1,SEN,TVS,TVSC
626668,2025-01-26 09:43:01.890,HIND-23105,Online,1,SAI,HIN,HIND
626669,2025-01-26 12:05:59.439,JUGC-88258,Online,3,TOK,JUG,JUGC
626670,2025-01-26 16:10:36.579,ELEH-84269,Online,1,OSA,ELE,ELEH
626671,2025-01-26 19:32:22.274,JUGA-76388,Online,1,TOK,JUG,JUGA
626672,2025-01-26 20:51:57.085,TVSK-49778,Tienda,2,SAI,TVS,TVSK
626673,2025-01-27 02:53:03.916,HINC-62430,Online,3,OSA,HIN,HINC
626674,2025-01-27 04:01:54.998,SVSB-65802,Online,1,TOK,SVS,SVSB
626675,2025-01-27 10:47:05.989,HOGB-92802,Online,1,TOK,HOG,HOGB
626676,2025-01-27 22:36:17.697,VALB-60728,Online,3,OSA,VAL,VALB
626677,2025-01-27 23:57:42.313,EAGC-20117,Online,1,NAO,EAG,EAGC
626678,2025-01-28 02:17:56.371,VALC-77528,Online,2,NAO,VAL,VALC
626679,2025-01-28 09:28:54.218,TVSE-57605,Tienda,1,TOK,TVS,TVSE
626680,2025-01-28 11:29:18.149,AUDB-10684,Online,3,TOK,AUD,AUDB
626681,2025-01-28 12:10:13.780,JUGA-11747,Online,1,OSA,JUG,JUGA
626682,2025-01-28 15:07:00.439,SALA-29719,Online,1,TOK,SAL,SALA
626683,2025-01-29 00:57:41.402,VALC-77528,Online,3,TOK,VAL,VALC
626684,2025-01-29 09:31:52.190,ELEA-95730,Online,1,YOK,ELE,ELEA
626685,2025-01-29 17:00:54.663,ELEB-38060,Online,1,KYO,ELE,ELEB
626686,2025-01-29 23:35:09.625,VJGA-88176,Online,2,OKA,VJG,VJGA
626687,2025-01-30 00:24:39.454,AUDC-86094,Online,1,TOK,AUD,AUDC
626688,2025-01-30 03:40:59.767,PCTA-79303,Online,1,TOK,PCT,PCTA
626689,2025-01-30 08:12:55.086,EAGA-50329,Online,1,TOK,EAG,EAGA
626690,2025-01-30 08:52:34.886,CAMG-19965,Online,2,OSA,CAM,CAMG
626691,2025-01-30 11:44:03.877,JUGB-41177,Online,1,TOK,JUG,JUGB
626692,2025-01-30 20:22:19.316,TVSK-52573,Online,1,NAO,TVS,TVSK
626693,2025-01-31 07:36:41.358,CAME-43041,Online,1,OSA,CAM,CAME
626694,2025-01-31 08:17:50.184,EAGB-35294,Online,2,YOK,EAG,EAGB
626695,2025-01-31 14:02:00.109,DEPC-75065,Tienda,3,TOK,DEP,DEPC
626696,2025-01-31 22:54:17.702,CAMB-92521,Online,1,OSA,CAM,CAMB
626697,2025-02-01 00:52:47.326,HINC-50077,Online,3,OSA,HIN,HINC
626698,2025-02-01 02:09:42.063,SVSB-20819,Online,1,CHI,SVS,SVSB
626699,2025-02-01 12:20:09.005,TVSA-81183,Online,3,KOB,TVS,TVSA
626700,2025-02-02 00:03:50.118,PCTA-87890,Online,1,OSA,PCT,PCTA
626701,2025-02-02 04:01:23.686,SVSB-65802,Tienda,1,TOK,SVS,SVSB
626702,2025-02-02 06:50:11.546,VALB-35187,Online,1,SAI,VAL,VALB
626703,2025-02-02 07:03:41.882,TREC-29209,Online,1,OSA,TRE,TREC
626704,2025-02-02 08:00:38.504,GFTB-31427,Tienda,1,SAP,GFT,GFTB
626705,2025-02-02 15:18:22.664,PCTD-90095,Online,1,TOK,PCT,PCTD
626706,2025-02-02 16:42:03.533,VALB-75862,Online,1,NAO,VAL,VALB
626707,2025-02-03 04:40:33.431,VALB-75862,Online,3,NAO,VAL,VALB
626708,2025-02-03 16:25:30.365,TCLB-73973,Online,1,OSA,TCL,TCLB
626709,2025-02-04 03:28:15.334,EAGA-85159,Online,1,TOK,EAG,EAGA
626710,2025-02-04 05:20:09.874,PMUF-20641,Online,1,NAO,PMU,PMUF
626711,2025-02-04 06:43:34.291,AUDE-67553,Online,1,YOK,AUD,AUDE
626712,2025-02-04 15:46:55.505,TVSE-31733,Online,1,TOK,TVS,TVSE
626713,2025-02-04 16:33:44.341,DEPC-21455,Online,1,TOK,DEP,DEPC
626714,2025-02-04 23:35:20.499,TREB-61270,Online,1,TOK,TRE,TREB
626715,2025-02-05 00:19:09.503,VALB-60728,Online,1,KYO,VAL,VALB
626716,2025-02-05 09:06:59.269,SALB-74311,Tienda,1,TOK,SAL,SALB
626717,2025-02-05 20:49:55.097,CAMC-26079,Online,1,TOK,CAM,CAMC
626718,2025-02-06 01:41:48.565,SALA-70348,Online,1,KYO,SAL,SALA
626719,2025-02-06 06:27:53.152,VALB-76040,Online,1,TOK,VAL,VALB
626720,2025-02-06 09:36:16.188,DEPC-99296,Online,1,OKA,DEP,DEPC
626721,2025-02-06 13:07:04.490,TVSB-75678,Tienda,1,TOK,TVS,TVSB
626722,2025-02-07 00:36:01.273,GFTA-18366,Online,1,TOK,GFT,GFTA
626723,2025-02-07 05:06:06.693,TREA-84298,Online,3,TOK,TRE,TREA
626724,2025-02-07 05:06:34.066,ELEC-63932,Online,1,SAI,ELE,ELEC
626725,2025-02-07 11:09:26.998,PCTA-27622,Online,1,TOK,PCT,PCTA
626726,2025-02-07 11:41:49.170,HINC-77535,Online,1,TOK,HIN,HINC
626727,2025-02-07 12:15:28.875,JUGA-48800,Online,1,SAI,JUG,JUGA
626728,2025-02-07 13:04:10.191,PMUB-61340,Online,1,TOK,PMU,PMUB
626729,2025-02-07 22:03:14.382,PMUC-48740,Online,3,OSA,PMU,PMUC
626730,2025-02-08 03:58:35.770,VJGA-77269,Tienda,1,OSA,VJG,VJGA
626731,2025-02-08 14:57:45.857,CAMB-10246,Tienda,1,OSA,CAM,CAMB
626732,2025-02-09 00:24:54.489,PMUC-95197,Online,1,SEN,PMU,PMUC
626733,2025-02-09 11:39:13.105,PCTG-96305,Online,1,KYO,PCT,PCTG
626734,2025-02-09 14:51:03.886,PMUB-20564,Online,1,KYO,PMU,PMUB
626735,2025-02-09 18:26:45.084,TREA-22580,Online,1,SAI,TRE,TREA
626736,2025-02-09 21:41:20.631,PMUD-39558,Online,1,TOK,PMU,PMUD
626737,2025-02-10 00:36:41.196,PMUC-93197,Online,1,TOK,PMU,PMUC
626738,2025-02-10 01:01:57.364,TVSF-52972,Online,1,TOK,TVS,TVSF
626739,2025-02-10 09:23:53.407,ELEH-26937,Online,1,KYO,ELE,ELEH
626740,2025-02-10 09:32:37.650,VALB-17575,Online,3,NAO,VAL,VALB
626741,2025-02-10 10:46:22.971,HOGC-31283,Online,3,TOK,HOG,HOGC
626742,2025-02-10 13:14:40.232,PMUB-43343,Online,3,TOK,PMU,PMUB
626743,2025-02-11 01:12:35.685,VALB-85023,Online,1,TOK,VAL,VALB
626744,2025-02-11 11:07:01.840,TVSG-72043,Online,1,TOK,TVS,TVSG
626745,2025-02-11 21:43:06.392,PMUF-69780,Online,1,FUK,PMU,PMUF
626746,2025-02-12 04:40:07.042,TREA-44920,Online,1,YOK,TRE,TREA
626747,2025-02-12 09:47:58.944,TREB-96123,Online,1,OSA,TRE,TREB
626748,2025-02-12 18:38:54.084,JUGC-96618,Online,3,SAI,JUG,JUGC
626749,2025-02-12 23:46:41.607,AUDB-93155,Online,1,TOK,AUD,AUDB
626750,2025-02-13 10:06:29.500,TVSB-13905,Online,2,OSA,TVS,TVSB
626751,2025-02-13 12:01:43.945,EAGA-85159,Online,1,OSA,EAG,EAGA
626752,2025-02-13 21:11:48.226,TVSE-35938,Online,1,YOK,TVS,TVSE
626753,2025-02-14 00:49:09.478,PCTA-80802,Online,2,KYO,PCT,PCTA
626754,2025-02-14 12:32:35.218,ELEA-16925,Online,1,OSA,ELE,ELEA
626755,2025-02-14 22:39:52.703,CAMD-81614,Online,1,YOK,CAM,CAMD
626756,2025-02-15 01:12:59.613,ELED-69593,Online,1,TOK,ELE,ELED
626757,2025-02-15 11:18:49.743,TVSC-15871,Online,1,FUK,TVS,TVSC
626758,2025-02-15 13:54:03.524,TVSH-48777,Tienda,3,SAP,TVS,TVSH
626759,2025-02-15 14:01:13.986,TVSE-31733,Online,1,NAA,TVS,TVSE
626760,2025-02-15 23:14:01.516,TVSK-97454,Online,1,TOK,TVS,TVSK
626761,2025-02-16 00:41:17.049,JUGB-60734,Online,1,OSA,JUG,JUGB
626762,2025-02-16 10:55:39.783,TVSB-65396,Online,1,YOK,TVS,TVSB
626763,2025-02-16 20:17:02.259,HINC-50077,Online,1,OSA,HIN,HINC
626764,2025-02-16 21:48:04.352,HIND-59565,Online,1,OSA,HIN,HIND
626765,2025-02-17 02:53:38.164,PMUB-71172,Online,1,YOK,PMU,PMUB
626766,2025-02-17 14:17:12.049,SALC-25944,Online,1,YOK,SAL,SALC
626767,2025-02-17 21:18:50.521,HINA-20484,Online,1,SEN,HIN,HINA
626768,2025-02-18 08:07:28.971,ELEH-38761,Tienda,2,OSA,ELE,ELEH
626769,2025-02-18 10:36:01.326,PMUC-48740,Online,1,YOK,PMU,PMUC
626770,2025-02-18 22:07:20.776,CAMG-38874,Online,1,YOK,CAM,CAMG
626771,2025-02-18 23:13:40.768,TVSA-71943,Online,3,OSA,TVS,TVSA
626772,2025-02-19 04:08:57.721,HINB-33312,Online,2,TOK,HIN,HINB
626773,2025-02-19 10:54:31.686,TVSA-69059,Online,1,YOK,TVS,TVSA
626774,2025-02-19 16:16:54.053,ELEG-97121,Online,1,YOK,ELE,ELEG
626775,2025-02-19 21:24:04.294,TCLA-28159,Tienda,2,YOK,TCL,TCLA
626776,2025-02-20 08:58:18.667,PCTE-68553,Online,1,OSA,PCT,PCTE
626777,2025-02-20 14:06:29.069,VALD-12032,Online,1,NAO,VAL,VALD
626778,2025-02-20 21:48:22.416,EAGA-33983,Online,1,TOK,EAG,EAGA
626779,2025-02-21 06:08:12.149,AUDD-77460,Online,3,NAO,AUD,AUDD
626780,2025-02-21 10:11:38.669,SVSB-99945,Online,1,YOK,SVS,SVSB
626781,2025-02-21 20:12:38.944,VALB-67289,Tienda,3,TOK,VAL,VALB
626782,2025-02-22 01:02:14.925,ELEF-53541,Tienda,1,TOK,ELE,ELEF
626783,2025-02-22 02:38:58.703,TREC-59280,Tienda,3,TOK,TRE,TREC
626784,2025-02-22 14:25:03.504,TVSB-66291,Online,2,KYO,TVS,TVSB
626785,2025-02-22 19:13:01.515,SVSB-20819,Online,1,YOK,SVS,SVSB
626786,2025-02-23 02:52:49.972,TVSA-69059,Online,1,OSA,TVS,TVSA
626787,2025-02-23 07:54:39.135,AUDE-67553,Online,2,CHI,AUD,AUDE
626788,2025-02-23 14:12:26.052,EAGB-95303,Online,1,OSA,EAG,EAGB
626789,2025-02-23 21:42:47.143,SVSA-29587,Online,1,NAA,SVS,SVSA
626790,2025-02-23 22:01:20.887,TVSB-66291,Online,1,NAO,TVS,TVSB
626791,2025-02-24 08:49:37.354,PMUB-64632,Online,1,TOK,PMU,PMUB
626792,2025-02-24 14:24:50.500,CAMC-67490,Tienda,1,OSA,CAM,CAMC
626793,2025-02-24 21:20:52.408,ELEC-73629,Online,1,TOK,ELE,ELEC
626794,2025-02-25 08:02:38.944,AUDG-93346,Tienda,1,OKA,AUD,AUDG
626795,2025-02-25 08:55:58.408,AUDG-56768,Online,1,TOK,AUD,AUDG
626796,2025-02-25 16:59:13.703,AUDE-20785,Online,3,KYO,AUD,AUDE
626797,2025-02-25 21:49:09.558,TVSF-79386,Online,1,SAI,TVS,TVSF
626798,2025-02-26 03:12:05.923,TVSF-97496,Online,1,TOK,TVS,TVSF
626799,2025-02-26 14:33:58.674,SVSC-92567,Online,2,NAO,SVS,SVSC
626800,2025-02-27 00:21:25.684,AUDD-77460,Online,1,TOK,AUD,AUDD
626801,2025-02-27 11:28:14.983,PMUC-93080,Online,1,NAO,PMU,PMUC
626802,2025-02-27 16:55:46.019,PCTD-90095,Online,1,YOK,PCT,PCTD
626803,2025-02-27 21:26:23.083,AUDG-52341,Tienda,1,TOK,AUD,AUDG
626804,2025-02-28 07:49:30.632,PMUC-90916,Online,1,OSA,PMU,PMUC
626805,2025-02-28 13:07:47.998,EAGC-73517,Online,1,TOK,EAG,EAGC
626806,2025-02-28 15:31:43.749,SALD-86893,Online,1,SAP,SAL,SALD
626807,2025-02-28 18:51:18.278,PMUF-42172,Online,1,OSA,PMU,PMUF
626808,2025-03-01 02:55:59.757,TVSH-58041,Tienda,1,TOK,TVS,TVSH
626809,2025-03-01 07:22:10.250,TVSF-74699,Online,3,YOK,TVS,TVSF
626810,2025-03-01 11:55:35.436,ELEH-84061,Online,3,TOK,ELE,ELEH
626811,2025-03-01 20:59:37.894,SALD-51207,Online,1,TOK,SAL,SALD
626812,2025-03-02 02:12:04.725,PMUB-71172,Online,1,NAO,PMU,PMUB
626813,2025-03-02 12:47:17.791,ELEA-52077,Tienda,1,OSA,ELE,ELEA
626814,2025-03-02 21:38:26.531,SALD-51207,Online,1,TOK,SAL,SALD
626815,2025-03-03 03:41:24.436,ELEB-19207,Online,2,YOK,ELE,ELEB
626816,2025-03-03 05:54:40.581,TVSD-67001,Online,1,TOK,TVS,TVSD
626817,2025-03-03 07:28:16.279,TVSF-97496,Online,1,YOK,TVS,TVSF
626818,2025-03-03 13:44:29.877,TVSG-48830,Online,1,NAO,TVS,TVSG
626819,2025-03-03 14:09:29.406,CAME-61862,Online,1,TOK,CAM,CAME
626820,2025-03-03 21:28:17.936,SVSC-26779,Online,1,TOK,SVS,SVSC
626821,2025-03-04 07:02:27.766,TVSG-72043,Online,3,TOK,TVS,TVSG
626822,2025-03-04 08:15:30.874,CAMD-81614,Online,1,YOK,CAM,CAMD
626823,2025-03-04 11:10:48.942,PCTC-97328,Online,3,YOK,PCT,PCTC
626824,2025-03-04 22:41:18.121,TVSD-67001,Online,1,OSA,TVS,TVSD
626825,2025-03-05 05:07:55.951,ELEH-84061,Tienda,1,NAO,ELE,ELEH
626826,2025-03-05 11:30:11.181,DEPC-36340,Tienda,1,OSA,DEP,DEPC
626827,2025-03-05 16:22:43.482,PCTF-73347,Online,1,NAO,PCT,PCTF
626828,2025-03-05 21:06:48.809,HINC-14276,Online,1,TOK,HIN,HINC
626829,2025-03-06 05:30:49.287,PCTF-23943,Online,3,SAI,PCT,PCTF
626830,2025-03-06 14:40:26.264,HIND-75394,Online,1,TOK,HIN,HIND
626831,2025-03-06 22:10:36.199,CAMB-91772,Online,3,TOK,CAM,CAMB
626832,2025-03-07 05:57:58.841,GFTA-22489,Online,1,TOK,GFT,GFTA
626833,2025-03-07 08:03:07.206,TVSB-29437,Online,2,KYO,TVS,TVSB
626834,2025-03-07 12:29:56.890,PCTB-11336,Online,1,KYO,PCT,PCTB
626835,2025-03-07 20:33:50.273,ELEF-53541,Online,1,YOK,ELE,ELEF
626836,2025-03-08 04:02:18.294,TVSF-68361,Online,1,OKA,TVS,TVSF
626837,2025-03-08 04:32:26.064,VJGC-22284,Online,3,YOK,VJG,VJGC
626838,2025-03-08 06:57:24.617,ELEB-64108,Online,2,YOK,ELE,ELEB
626839,2025-03-08 15:46:40.894,HIND-59565,Tienda,1,TOK,HIN,HIND
626840,2025-03-08 19:51:02.168,PMUA-22826,Tienda,1,KOB,PMU,PMUA
626841,2025-03-08 21:48:43.469,SALB-86147,Online,1,TOK,SAL,SALB
626842,2025-03-09 07:57:41.940,TVSH-94394,Tienda,2,OSA,TVS,TVSH
626843,2025-03-09 13:33:17.305,SALC-71987,Online,1,YOK,SAL,SALC
626844,2025-03-10 00:06:45.638,VALC-92225,Online,1,TOK,VAL,VALC
626845,2025-03-10 02:26:39.709,VALB-23835,Online,1,SAP,VAL,VALB
626846,2025-03-10 02:45:34.629,ELEE-71242,Tienda,3,YOK,ELE,ELEE
626847,2025-03-10 05:01:41.615,TVSH-24340,Online,1,TOK,TVS,TVSH
626848,2025-03-10 12:47:46.071,PMUC-64474,Online,2,TOK,PMU,PMUC
626849,2025-03-10 20:21:49.781,CAMG-38874,Tienda,1,YOK,CAM,CAMG
626850,2025-03-10 22:53:17.554,AUDE-67553,Tienda,1,TOK,AUD,AUDE
626851,2025-03-10 23:47:15.392,TVSF-97496,Online,2,TOK,TVS,TVSF
626852,2025-03-10 23:49:42.237,PCTB-15419,Online,1,TOK,PCT,PCTB
626853,2025-03-11 10:31:58.465,VALB-76040,Online,1,OSA,VAL,VALB
626854,2025-03-11 19:58:00.875,SVSC-74209,Online,1,KOB,SVS,SVSC
626855,2025-03-12 04:00:43.198,TCLC-53203,Online,1,YOK,TCL,TCLC
626856,2025-03-12 08:52:35.754,AUDG-23051,Online,1,TOK,AUD,AUDG
626857,2025-03-12 17:18:50.068,PCTA-80802,Online,1,TOK,PCT,PCTA
626858,2025-03-12 22:00:17.403,TVSA-81183,Online,1,OSA,TVS,TVSA
626859,2025-03-13 04:58:35.705,VJGA-52049,Online,1,TOK,VJG,VJGA
626860,2025-03-13 10:28:06.332,SALB-57342,Online,1,HIR,SAL,SALB
626861,2025-03-13 18:05:44.890,AUDD-14488,Online,1,TOK,AUD,AUDD
626862,2025-03-13 20:58:54.152,TVSH-73612,Online,1,TOK,TVS,TVSH
626863,2025-03-14 04:55:40.578,PCTG-94398,Tienda,2,TOK,PCT,PCTG
626864,2025-03-14 07:34:17.591,PMUB-81384,Online,1,TOK,PMU,PMUB
626865,2025-03-14 15:45:30.257,TVSC-14729,Tienda,1,KAW,TVS,TVSC
626866,2025-03-14 22:43:08.873,VJGA-63405,Online,1,NAO,VJG,VJGA
626867,2025-03-15 07:16:58.354,CAMF-39184,Online,1,NAO,CAM,CAMF
626868,2025-03-15 18:25:20.708,CAMD-21652,Tienda,3,OSA,CAM,CAMD
626869,2025-03-15 22:11:18.251,GFTB-12530,Online,1,OSA,GFT,GFTB
626870,2025-03-16 01:52:06.672,AUDC-88968,Tienda,2,TOK,AUD,AUDC
626871,2025-03-16 09:12:39.195,DEPB-31559,Tienda,1,KYO,DEP,DEPB
626872,2025-03-16 19:59:54.276,TVSA-19038,Tienda,1,KYO,TVS,TVSA
626873,2025-03-17 06:51:51.141,SALC-16651,Online,1,SEN,SAL,SALC
626874,2025-03-17 07:22:07.372,SVSC-92567,Online,3,OSA,SVS,SVSC
626875,2025-03-17 15:08:34.482,VJGA-20197,Online,2,TOK,VJG,VJGA
626876,2025-03-18 00:56:59.999,EAGC-20117,Online,1,OKA,EAG,EAGC
626877,2025-03-18 10:17:50.538,TREA-54559,Online,2,YOK,TRE,TREA
626878,2025-03-18 17:38:36.779,ELEA-52077,Online,1,TOK,ELE,ELEA
626879,2025-03-19 00:46:27.323,TCLB-73973,Online,1,TOK,TCL,TCLB
626880,2025-03-19 06:02:38.544,PCTB-85135,Online,1,TOK,PCT,PCTB
626881,2025-03-19 11:58:29.453,PMUE-20159,Online,1,OSA,PMU,PMUE
626882,2025-03-19 18:34:09.928,PMUB-20564,Online,1,KOB,PMU,PMUB
626883,2025-03-19 23:02:32.471,HINC-10939,Online,1,YOK,HIN,HINC
626884,2025-03-20 01:28:54.895,AUDD-27432,Online,1,TOK,AUD,AUDD
626885,2025-03-20 11:04:08.798,VALA-66912,Online,1,OSA,VAL,VALA
626886,2025-03-20 18:56:39.618,TVSH-91349,Tienda,2,YOK,TVS,TVSH
626887,2025-03-21 00:00:29.921,TREC-60672,Tienda,3,SAP,TRE,TREC
626888,2025-03-21 04:24:47.567,PMUA-46620,Online,1,TOK,PMU,PMUA
626889,2025-03-21 04:54:38.516,DEPC-99296,Online,1,TOK,DEP,DEPC
626890,2025-03-21 12:30:40.283,SALD-86893,Online,1,OSA,SAL,SALD
626891,2025-03-21 23:37:57.514,HINB-33312,Online,1,OSA,HIN,HINB
626892,2025-03-22 03:26:20.166,PCTD-90095,Online,1,YOK,PCT,PCTD
626893,2025-03-22 06:16:46.615,HINB-53398,Online,1,KYO,HIN,HINB
626894,2025-03-22 15:57:11.630,HOGA-66297,Online,1,TOK,HOG,HOGA
626895,2025-03-23 00:08:34.309,DEPC-21455,Online,1,KOB,DEP,DEPC
626896,2025-03-23 04:00:34.175,SALB-68587,Online,1,SEN,SAL,SALB
626897,2025-03-23 07:13:13.433,ELEH-38761,Online,2,TOK,ELE,ELEH
626898,2025-03-23 11:33:59.526,PMUB-93875,Online,3,NAO,PMU,PMUB
626899,2025-03-23 12:42:25.526,PCTC-97328,Online,1,OSA,PCT,PCTC
626900,2025-03-23 17:22:14.708,ELEH-38761,Online,2,NAA,ELE,ELEH
626901,2025-03-23 21:41:29.932,HINB-80143,Online,1,TOK,HIN,HINB
626902,2025-03-23 22:26:35.399,JUGA-11747,Online,1,TOK,JUG,JUGA
626903,2025-03-24 00:08:20.710,ELEH-14712,Online,1,SEN,ELE,ELEH
626904,2025-03-24 08:11:01.164,AUDC-26674,Online,1,TOK,AUD,AUDC
626905,2025-03-24 16:03:08.801,PMUC-85322,Online,3,CHI,PMU,PMUC
626906,2025-03-24 16:05:23.354,TVSC-14729,Online,1,OSA,TVS,TVSC
626907,2025-03-25 03:32:32.175,VALC-66861,Online,1,TOK,VAL,VALC
626908,2025-03-25 04:37:18.035,PMUC-95197,Online,2,OSA,PMU,PMUC
626909,2025-03-25 07:27:02.391,TREB-96123,Tienda,1,TOK,TRE,TREB
626910,2025-03-25 10:00:52.944,VALD-36480,Online,1,HIR,VAL,VALD
626911,2025-03-25 19:10:37.411,AUDG-87751,Online,1,OSA,AUD,AUDG
626912,2025-03-26 06:16:54.471,PMUD-13214,Online,1,OSA,PMU,PMUD
626913,2025-03-26 16:29:19.075,AUDC-81599,Online,1,TOK,AUD,AUDC
626914,2025-03-27 03:48:30.458,PCTG-24967,Online,1,OSA,PCT,PCTG
626915,2025-03-27 04:24:15.590,PCTA-27622,Online,1,YOK,PCT,PCTA
626916,2025-03-27 12:17:33.251,JUGB-41177,Online,1,TOK,JUG,JUGB
626917,2025-03-27 18:54:08.808,TVSE-98433,Online,1,NAA,TVS,TVSE
626918,2025-03-28 03:39:07.862,ELEH-26937,Online,2,TOK,ELE,ELEH
626919,2025-03-28 06:15:31.991,TREB-49861,Online,2,OSA,TRE,TREB
626920,2025-03-28 10:39:00.029,PMUE-62157,Online,1,TOK,PMU,PMUE
626921,2025-03-28 19:21:16.318,SVSA-57564,Online,1,KYO,SVS,SVSA
626922,2025-03-28 22:39:17.081,ELEA-16925,Online,1,TOK,ELE,ELEA
626923,2025-03-28 22:45:10.661,EAGA-97591,Tienda,1,TOK,EAG,EAGA
626924,2025-03-29 01:13:58.446,VJGA-52049,Online,1,KYO,VJG,VJGA
626925,2025-03-29 04:15:09.236,SVSB-20819,Tienda,1,TOK,SVS,SVSB
626926,2025-03-29 04:53:58.062,AUDB-10684,Online,1,OSA,AUD,AUDB
626927,2025-03-29 09:14:15.964,ELEE-74121,Online,3,TOK,ELE,ELEE
626928,2025-03-29 15:36:53.986,SALB-20670,Online,1,TOK,SAL,SALB
626929,2025-03-30 03:17:04.290,PMUC-48740,Online,1,YOK,PMU,PMUC
626930,2025-03-30 12:54:32.800,VALB-76040,Online,1,YOK,VAL,VALB
626931,2025-03-30 16:32:24.262,PMUB-42684,Online,1,OSA,PMU,PMUB
626932,2025-03-30 16:53:46.595,TREA-19376,Online,1,NAO,TRE,TREA
626933,2025-03-31 01:27:55.590,VJGA-52049,Online,1,TOK,VJG,VJGA
626934,2025-03-31 08:00:52.852,VJGC-82268,Online,1,NAO,VJG,VJGC
626935,2025-03-31 09:57:04.669,PMUC-90916,Online,1,NAO,PMU,PMUC
626936,2025-03-31 17:32:04.657,TVSA-31282,Online,1,SEN,TVS,TVSA
626937,2025-03-31 22:00:59.555,VJGB-99482,Online,1,TOK,VJG,VJGB
626938,2025-03-31 23:27:43.218,TVSH-63112,Online,2,NAA,TVS,TVSH
626939,2025-04-01 06:26:57.846,GFTB-59305,Online,1,OSA,GFT,GFTB
626940,2025-04-01 11:48:03.076,PCTB-79309,Tienda,1,NAO,PCT,PCTB
626941,2025-04-01 17:46:44.461,VALC-89709,Online,1,TOK,VAL,VALC
626942,2025-04-02 02:09:02.124,TVSE-27348,Online,1,NAA,TVS,TVSE
626943,2025-04-02 10:18:02.889,AUDC-88968,Online,1,OKA,AUD,AUDC
626944,2025-04-02 13:22:46.230,TVSG-72043,Online,1,TOK,TVS,TVSG
626945,2025-04-02 22:02:49.289,PCTD-11136,Online,1,OSA,PCT,PCTD
626946,2025-04-03 03:42:34.467,GFTB-31427,Online,3,TOK,GFT,GFTB
626947,2025-04-03 12:35:07.866,CAMB-92521,Online,3,TOK,CAM,CAMB
626948,2025-04-03 22:20:06.206,TVSG-17566,Tienda,2,TOK,TVS,TVSG
626949,2025-04-04 04:16:03.215,EAGA-33096,Online,1,HIR,EAG,EAGA
626950,2025-04-04 14:25:47.552,HINC-67291,Tienda,1,TOK,HIN,HINC
626951,2025-04-04 20:57:48.327,GFTA-22489,Online,2,TOK,GFT,GFTA
626952,2025-04-04 23:35:07.802,ELEC-73629,Online,1,OSA,ELE,ELEC
626953,2025-04-05 03:13:06.633,AUDG-66570,Online,1,OKA,AUD,AUDG
626954,2025-04-05 11:45:56.533,ELEF-97191,Online,1,NAO,ELE,ELEF
626955,2025-04-05 12:06:22.303,SALA-29719,Online,1,TOK,SAL,SALA
626956,2025-04-05 20:36:19.966,TREB-61270,Online,1,TOK,TRE,TREB
626957,2025-04-06 06:03:51.888,CAMD-99456,Online,1,TOK,CAM,CAMD
626958,2025-04-06 09:31:51.358,TVSH-63112,Tienda,1,TOK,TVS,TVSH
626959,2025-04-06 09:44:36.416,DEPB-31559,Online,1,NAO,DEP,DEPB
626960,2025-04-06 12:59:29.546,AUDC-77489,Online,1,YOK,AUD,AUDC
626961,2025-04-07 00:02:49.337,TVSG-72043,Online,1,OSA,TVS,TVSG
626962,2025-04-07 11:36:39.774,DEPC-46624,Online,1,KAW,DEP,DEPC
626963,2025-04-07 18:13:52.025,TVSH-48777,Online,1,OSA,TVS,TVSH
626964,2025-04-07 18:50:40.994,VALD-50076,Online,1,TOK,VAL,VALD
626965,2025-04-08 05:35:43.986,PCTG-86864,Online,3,TOK,PCT,PCTG
626966,2025-04-08 05:58:51.316,ELED-69593,Online,1,TOK,ELE,ELED
626967,2025-04-08 08:41:29.437,SALA-98787,Online,1,TOK,SAL,SALA
626968,2025-04-08 14:17:55.283,TVSD-67001,Online,1,KYO,TVS,TVSD
626969,2025-04-08 18:12:43.110,PCTC-97328,Tienda,1,YOK,PCT,PCTC
626970,2025-04-09 03:46:15.115,ELEH-89173,Online,1,YOK,ELE,ELEH
626971,2025-04-09 12:02:37.657,AUDD-93430,Online,1,OSA,AUD,AUDD
626972,2025-04-09 12:31:32.576,AUDE-80545,Online,1,KOB,AUD,AUDE
626973,2025-04-09 22:33:43.309,SALA-83285,Online,1,TOK,SAL,SALA
626974,2025-04-10 01:50:45.021,SALB-86147,Online,1,OKA,SAL,SALB
626975,2025-04-10 10:13:44.682,HOGC-38780,Online,3,TOK,HOG,HOGC
626976,2025-04-10 12:26:36.653,TREB-61270,Online,3,OSA,TRE,TREB
626977,2025-04-11 00:24:06.427,PMUC-85322,Online,1,NAO,PMU,PMUC
626978,2025-04-11 03:53:42.875,CAMG-22492,Tienda,1,TOK,CAM,CAMG
626979,2025-04-11 06:05:56.364,CAME-33056,Online,3,YOK,CAM,CAME
626980,2025-04-11 16:03:48.573,AUDG-55619,Online,1,TOK,AUD,AUDG
626981,2025-04-11 20:40:44.852,PMUA-46620,Online,1,OSA,PMU,PMUA
626982,2025-04-12 08:08:20.926,EAGB-52586,Online,1,NAA,EAG,EAGB
626983,2025-04-12 16:08:36.711,PCTE-38007,Online,1,OSA,PCT,PCTE
626984,2025-04-13 01:51:34.971,TREC-59280,Online,1,YOK,TRE,TREC
626985,2025-04-13 08:46:54.574,TVSC-31110,Online,1,TOK,TVS,TVSC
626986,2025-04-13 09:10:04.397,CAMG-38874,Online,1,TOK,CAM,CAMG
626987,2025-04-13 19:46:08.509,HINC-68874,Online,1,TOK,HIN,HINC
626988,2025-04-14 05:30:33.842,CAMF-10559,Online,1,SAP,CAM,CAMF
626989,2025-04-14 10:15:51.285,SVSB-78752,Online,1,OSA,SVS,SVSB
626990,2025-04-14 16:45:20.511,HOGA-98849,Online,3,TOK,HOG,HOGA
626991,2025-04-15 02:02:34.946,TCLA-76964,Online,1,OSA,TCL,TCLA
626992,2025-04-15 08:47:20.877,VALB-76040,Online,1,OSA,VAL,VALB
626993,2025-04-15 13:35:32.033,TREA-44920,Online,1,NAA,TRE,TREA
626994,2025-04-16 00:05:48.680,CAMD-97282,Online,3,TOK,CAM,CAMD
626995,2025-04-16 08:26:48.953,HINB-33312,Online,1,YOK,HIN,HINB
626996,2025-04-16 13:04:52.505,VJGA-70297,Online,1,TOK,VJG,VJGA
626997,2025-04-16 13:52:18.422,VALC-92225,Online,1,NAO,VAL,VALC
626998,2025-04-17 00:05:14.270,VALB-40560,Online,1,OSA,VAL,VALB
626999,2025-04-17 00:13:07.690,VALD-12032,Online,1,TOK,VAL,VALD
627000,2025-04-17 02:18:59.888,VALD-50052,Online,1,NAO,VAL,VALD
627001,2025-04-17 13:12:05.425,ELEE-74121,Online,3,YOK,ELE,ELEE
627002,2025-04-17 16:03:15.245,PCTC-79338,Online,1,OSA,PCT,PCTC
627003,2025-04-17 16:54:01.154,HINB-80143,Online,2,TOK,HIN,HINB
627004,2025-04-18 04:36:36.671,PCTA-58873,Online,3,OSA,PCT,PCTA
627005,2025-04-18 10:33:59.625,HINC-50077,Online,1,NAO,HIN,HINC
627006,2025-04-18 13:48:47.163,TREA-52586,Tienda,1,OSA,TRE,TREA
627007,2025-04-18 20:30:43.855,HOGA-10195,Online,1,SAP,HOG,HOGA
627008,2025-04-18 21:13:51.269,GFTA-36137,Online,1,OKA,GFT,GFTA
627009,2025-04-19 07:48:02.674,SVSC-26779,Tienda,1,OSA,SVS,SVSC
627010,2025-04-19 08:43:56.032,EAGC-40422,Tienda,1,TOK,EAG,EAGC
627011,2025-04-19 17:52:24.677,PCTC-27031,Online,2,TOK,PCT,PCTC
627012,2025-04-19 18:59:04.412,ELEA-52077,Online,2,NAO,ELE,ELEA
627013,2025-04-20 05:49:33.265,AUDF-36007,Tienda,1,YOK,AUD,AUDF
627014,2025-04-20 14:01:19.537,SVSC-74209,Online,1,OSA,SVS,SVSC
627015,2025-04-20 20:31:18.360,CAMD-50650,Tienda,1,CHI,CAM,CAMD
627016,2025-04-21 02:30:07.836,ELEF-39035,Online,3,TOK,ELE,ELEF
627017,2025-04-21 08:31:35.048,HOGA-10195,Online,1,NAO,HOG,HOGA
627018,2025-04-21 20:27:32.815,TVSC-39806,Online,1,TOK,TVS,TVSC
627019,2025-04-21 20:54:39.286,VALB-96786,Online,2,TOK,VAL,VALB
627020,2025-04-22 03:05:35.792,ELEA-95730,Online,1,OSA,ELE,ELEA
627021,2025-04-22 04:56:45.674,AUDD-51870,Online,1,OSA,AUD,AUDD
627022,2025-04-22 08:17:44.467,DEPA-93535,Online,1,KYO,DEP,DEPA
627023,2025-04-22 18:26:17.910,VJGB-97374,Online,1,TOK,VJG,VJGB
627024,2025-04-23 00:48:58.635,ELEB-64108,Online,3,TOK,ELE,ELEB
627025,2025-04-23 01:17:47.025,ELEB-64108,Online,1,OSA,ELE,ELEB
627026,2025-04-23 04:01:29.925,ELEE-79787,Online,1,YOK,ELE,ELEE
627027,2025-04-23 11:23:07.440,HINB-81416,Online,1,OSA,HIN,HINB
627028,2025-04-23 12:25:33.400,TREA-44920,Tienda,1,TOK,TRE,TREA
627029,2025-04-23 13:03:30.402,TVSF-89636,Tienda,1,OSA,TVS,TVSF
627030,2025-04-23 19:20:52.916,SALC-64898,Tienda,1,YOK,SAL,SALC
627031,2025-04-23 21:16:10.846,TVSF-74699,Online,1,TOK,TVS,TVSF
627032,2025-04-24 00:28:13.806,PMUB-14449,Online,1,TOK,PMU,PMUB
627033,2025-04-24 08:42:08.459,VJGC-20413,Online,1,OSA,VJG,VJGC
627034,2025-04-24 13:12:16.744,HIND-12319,Tienda,3,TOK,HIN,HIND
627035,2025-04-24 20:04:54.093,EAGA-33983,Online,3,TOK,EAG,EAGA
627036,2025-04-25 08:00:04.172,TREC-33239,Online,1,OKA,TRE,TREC
627037,2025-04-25 17:05:38.831,PCTA-87890,Online,1,NAO,PCT,PCTA
627038,2025-04-26 04:13:52.186,SVSB-30110,Online,2,OSA,SVS,SVSB
627039,2025-04-26 10:29:17.752,TVSF-66259,Online,1,TOK,TVS,TVSF
627040,2025-04-26 20:33:59.754,PMUA-91660,Online,1,TOK,PMU,PMUA
627041,2025-04-27 01:19:46.838,ELED-48374,Online,1,TOK,ELE,ELED
627042,2025-04-27 07:59:41.048,HOGC-59300,Tienda,1,YOK,HOG,HOGC
627043,2025-04-27 16:33:16.101,TVSC-85301,Tienda,1,NAO,TVS,TVSC
627044,2025-04-28 00:35:59.563,PCTG-79916,Online,1,TOK,PCT,PCTG
627045,2025-04-28 11:39:11.267,AUDD-51870,Tienda,1,TOK,AUD,AUDD
627046,2025-04-28 19:44:04.335,ELEA-50206,Online,1,YOK,ELE,ELEA
627047,2025-04-28 22:57:24.419,SVSB-65802,Online,3,OSA,SVS,SVSB
627048,2025-04-28 23:02:50.695,PMUE-62157,Online,1,TOK,PMU,PMUE
627049,2025-04-29 06:53:35.925,EAGB-86819,Online,1,OSA,EAG,EAGB
627050,2025-04-29 11:01:28.432,CAMG-55741,Online,1,TOK,CAM,CAMG
627051,2025-04-29 20:54:17.888,AUDD-27432,Online,1,YOK,AUD,AUDD
627052,2025-04-30 07:20:16.871,PMUC-90916,Online,2,YOK,PMU,PMUC
627053,2025-04-30 09:02:11.280,SALA-92498,Online,1,TOK,SAL,SALA
627054,2025-04-30 11:08:02.989,VJGB-97374,Online,1,OSA,VJG,VJGB
627055,2025-04-30 17:28:23.042,ELEA-16925,Tienda,1,FUK,ELE,ELEA
627056,2025-04-30 19:58:09.007,TREA-54559,Online,1,KYO,TRE,TREA
627057,2025-05-01 02:52:56.539,SALC-74981,Online,1,TOK,SAL,SALC
627058,2025-05-01 05:22:25.923,SALC-16651,Online,2,OSA,SAL,SALC
627059,2025-05-01 06:46:28.488,PCTA-58873,Online,1,YOK,PCT,PCTA
627060,2025-05-01 07:52:19.972,SALB-74905,Online,2,OSA,SAL,SALB
627061,2025-05-01 08:36:10.773,ELED-58763,Online,3,YOK,ELE,ELED
627062,2025-05-01 14:54:10.506,VALA-62707,Online,1,YOK,VAL,VALA
627063,2025-05-01 23:54:37.378,CAMD-91108,Online,1,YOK,CAM,CAMD
627064,2025-05-02 10:14:53.046,HOGC-31283,Online,1,TOK,HOG,HOGC
627065,2025-05-02 13:54:44.838,ELEA-94156,Tienda,1,OSA,ELE,ELEA
627066,2025-05-02 15:15:15.448,TVSH-58041,Tienda,1,TOK,TVS,TVSH
627067,2025-05-02 23:31:59.117,PMUD-76670,Tienda,1,OSA,PMU,PMUD
627068,2025-05-03 06:51:38.745,TVSH-73612,Online,1,OSA,TVS,TVSH
627069,2025-05-03 07:47:20.605,SVSC-89352,Online,1,TOK,SVS,SVSC
627070,2025-05-03 07:57:37.734,TVSA-31282,Online,2,OSA,TVS,TVSA
627071,2025-05-03 12:02:57.770,PCTD-28484,Online,1,YOK,PCT,PCTD
627072,2025-05-03 14:23:43.989,TVSJ-35413,Online,2,NAO,TVS,TVSJ
627073,2025-05-03 20:50:43.609,JUGA-76388,Online,3,OSA,JUG,JUGA
627074,2025-05-04 08:25:37.311,PMUE-67482,Online,1,TOK,PMU,PMUE
627075,2025-05-04 17:41:17.086,ELEA-50206,Online,1,NAA,ELE,ELEA
627076,2025-05-05 01:18:04.006,TREA-12574,Online,2,NAO,TRE,TREA
627077,2025-05-05 13:11:06.735,SALD-54827,Tienda,1,SEN,SAL,SALD
627078,2025-05-05 22:19:10.167,PCTG-19234,Online,2,OSA,PCT,PCTG
627079,2025-05-06 06:28:38.134,TVSG-48474,Online,1,OSA,TVS,TVSG
627080,2025-05-06 16:16:55.330,TVSF-97412,Online,1,TOK,TVS,TVSF
627081,2025-05-06 23:01:34.190,PMUC-90916,Online,1,OSA,PMU,PMUC
627082,2025-05-07 05:16:36.509,VALB-67289,Online,3,YOK,VAL,VALB
627083,2025-05-07 11:53:03.924,PCTG-79916,Online,1,TOK,PCT,PCTG
627084,2025-05-07 22:48:42.113,HOGC-31283,Tienda,1,TOK,HOG,HOGC
627085,2025-05-08 01:52:02.573,VJGA-75858,Online,1,CHI,VJG,VJGA
627086,2025-05-08 13:07:46.573,AUDD-86021,Tienda,1,NAO,AUD,AUDD
627087,2025-05-08 17:07:31.703,TCLA-36993,Tienda,1,YOK,TCL,TCLA
627088,2025-05-08 23:34:21.512,PCTG-83764,Online,3,SEN,PCT,PCTG
627089,2025-05-09 11:28:15.069,PCTE-88423,Online,2,KYO,PCT,PCTE
627090,2025-05-09 15:05:56.081,CAMG-19965,Online,1,YOK,CAM,CAMG
627091,2025-05-10 02:28:41.114,PCTG-96305,Online,1,OSA,PCT,PCTG
627092,2025-05-10 04:31:25.851,EAGA-94103,Online,1,OSA,EAG,EAGA
627093,2025-05-10 08:44:05.271,PMUC-44971,Online,1,TOK,PMU,PMUC
627094,2025-05-10 12:27:16.504,HINB-81416,Online,1,TOK,HIN,HINB
627095,2025-05-10 19:10:20.709,PMUE-52590,Online,2,OSA,PMU,PMUE
627096,2025-05-11 05:10:35.062,PCTE-31451,Online,1,OSA,PCT,PCTE
627097,2025-05-11 06:28:37.017,PCTA-79303,Online,1,OSA,PCT,PCTA
627098,2025-05-11 18:21:41.580,TCLA-81111,Online,2,NAO,TCL,TCLA
627099,2025-05-12 02:30:23.659,PMUD-76670,Online,1,TOK,PMU,PMUD
627100,2025-05-12 03:01:24.294,TVSB-13905,Online,1,OSA,TVS,TVSB
627101,2025-05-12 05:04:16.823,TVSH-94394,Online,1,TOK,TVS,TVSH
627102,2025-05-12 14:03:15.929,ELEA-72745,Online,1,KYO,ELE,ELEA
627103,2025-05-13 01:56:54.868,AUDC-86094,Online,1,OSA,AUD,AUDC
627104,2025-05-13 12:12:56.268,PCTF-23943,Online,1,OKA,PCT,PCTF
627105,2025-05-13 19:29:45.593,JUGB-18137,Tienda,1,TOK,JUG,JUGB
627106,2025-05-13 23:19:29.319,TREA-44920,Online,1,TOK,TRE,TREA
627107,2025-05-14 03:34:52.019,TCLA-36565,Online,1,OSA,TCL,TCLA
627108,2025-05-14 07:00:23.486,HOGB-42827,Online,1,NAO,HOG,HOGB
627109,2025-05-14 11:47:50.270,AUDG-52341,Online,3,KAW,AUD,AUDG
627110,2025-05-14 21:52:08.673,EAGC-95207,Tienda,2,TOK,EAG,EAGC
627111,2025-05-14 22:13:27.929,SVSB-70583,Tienda,1,YOK,SVS,SVSB
627112,2025-05-15 09:58:12.275,CAMC-93921,Online,1,OSA,CAM,CAMC
627113,2025-05-15 12:11:09.590,AUDC-81599,Online,1,OSA,AUD,AUDC
627114,2025-05-15 22:00:46.212,SALC-14541,Online,1,TOK,SAL,SALC
627115,2025-05-16 02:52:06.752,ELEH-14712,Online,1,FUK,ELE,ELEH
627116,2025-05-16 12:33:18.214,EAGB-64686,Online,1,NAO,EAG,EAGB
627117,2025-05-16 19:38:57.138,AUDA-45895,Online,1,SAP,AUD,AUDA
627118,2025-05-16 22:48:50.164,AUDB-93155,Online,3,OSA,AUD,AUDB
627119,2025-05-17 00:12:06.404,ELEH-50758,Tienda,1,TOK,ELE,ELEH
627120,2025-05-17 04:06:08.391,EAGA-73172,Online,1,CHI,EAG,EAGA
627121,2025-05-17 15:12:32.400,TREB-49861,Online,1,TOK,TRE,TREB
627122,2025-05-17 17:01:06.051,VALB-67289,Online,2,TOK,VAL,VALB
627123,2025-05-17 18:14:44.223,PCTE-68553,Online,1,TOK,PCT,PCTE
627124,2025-05-18 03:48:47.874,AUDD-93430,Online,2,KOB,AUD,AUDD
627125,2025-05-18 14:00:09.051,TVSB-66291,Online,1,OSA,TVS,TVSB
627126,2025-05-18 17:17:17.097,ELEH-70263,Online,1,TOK,ELE,ELEH
627127,2025-05-19 02:42:29.219,GFTA-18366,Online,3,SAI,GFT,GFTA
627128,2025-05-19 05:39:16.124,HINC-71647,Online,1,NAO,HIN,HINC
627129,2025-05-19 11:32:02.298,PCTE-38007,Online,1,TOK,PCT,PCTE
627130,2025-05-19 13:04:24.337,TREC-29209,Online,1,SAI,TRE,TREC
627131,2025-05-19 19:47:09.938,JUGA-11747,Online,1,TOK,JUG,JUGA
627132,2025-05-20 06:08:36.371,TVSC-95263,Online,1,TOK,TVS,TVSC
627133,2025-05-20 13:40:25.846,TVSG-42564,Online,1,FUK,TVS,TVSG
627134,2025-05-20 19:23:15.840,VALD-50052,Online,1,TOK,VAL,VALD
627135,2025-05-20 19:26:08.220,GFTB-13491,Tienda,2,TOK,GFT,GFTB
627136,2025-05-21 01:23:48.031,DEPC-31630,Online,1,TOK,DEP,DEPC
627137,2025-05-21 08:12:11.096,HOGA-98849,Online,1,OSA,HOG,HOGA
627138,2025-05-21 09:25:54.312,VALD-85277,Online,1,OKA,VAL,VALD
627139,2025-05-21 14:38:15.635,TVSE-39365,Online,1,YOK,TVS,TVSE
627140,2025-05-21 18:10:01.541,JUGB-88309,Online,1,YOK,JUG,JUGB
627141,2025-05-22 00:05:50.755,CAMF-67325,Online,1,YOK,CAM,CAMF
627142,2025-05-22 03:09:04.567,HINB-22463,Online,1,TOK,HIN,HINB
627143,2025-05-22 04:11:43.064,ELEE-20550,Online,1,TOK,ELE,ELEE
627144,2025-05-22 10:51:45.429,HINC-67291,Online,1,OSA,HIN,HINC
627145,2025-05-22 21:29:31.375,PMUC-44971,Online,2,TOK,PMU,PMUC
627146,2025-05-23 01:13:41.634,CAMD-91419,Online,1,YOK,CAM,CAMD
627147,2025-05-23 07:41:28.068,ELEE-79787,Tienda,1,TOK,ELE,ELEE
627148,2025-05-23 18:18:34.007,PCTF-23943,Online,2,OSA,PCT,PCTF
627149,2025-05-23 23:40:46.805,SALB-20670,Online,1,OSA,SAL,SALB
627150,2025-05-24 00:59:07.825,PMUA-42938,Online,1,TOK,PMU,PMUA
627151,2025-05-24 12:42:26.477,HINC-99639,Tienda,1,TOK,HIN,HINC
627152,2025-05-24 19:22:21.722,TVSH-94394,Tienda,1,TOK,TVS,TVSH
627153,2025-05-25 02:29:57.104,TVSA-92623,Online,1,NAO,TVS,TVSA
627154,2025-05-25 04:36:48.089,AUDA-50453,Online,2,SAI,AUD,AUDA
627155,2025-05-25 11:09:31.123,VJGA-20197,Online,1,TOK,VJG,VJGA
627156,2025-05-25 18:51:30.596,VALA-78873,Online,1,YOK,VAL,VALA
627157,2025-05-25 23:24:19.317,PCTC-82433,Online,1,HIR,PCT,PCTC
627158,2025-05-26 07:39:09.320,ELEE-20550,Online,1,NAO,ELE,ELEE
627159,2025-05-26 16:02:06.452,PCTB-39061,Online,1,KYO,PCT,PCTB
627160,2025-05-26 20:46:52.402,DEPC-31630,Online,1,FUK,DEP,DEPC
627161,2025-05-26 21:26:50.566,VJGA-77269,Online,1,TOK,VJG,VJGA
627162,2025-05-27 05:57:59.072,JUGB-42100,Online,1,TOK,JUG,JUGB
627163,2025-05-27 14:42:46.038,PMUF-96262,Tienda,1,TOK,PMU,PMUF
627164,2025-05-27 19:44:07.596,PMUA-18768,Online,2,TOK,PMU,PMUA
627165,2025-05-28 07:41:57.115,SALC-82294,Online,1,OSA,SAL,SALC
627166,2025-05-28 08:58:08.333,TVSJ-35413,Online,1,YOK,TVS,TVSJ
627167,2025-05-28 19:04:39.882,SALB-86147,Online,1,TOK,SAL,SALB
627168,2025-05-29 01:44:46.909,TVSB-29437,Online,1,NAO,TVS,TVSB
627169,2025-05-29 03:33:34.639,VALB-40560,Online,2,KAW,VAL,VALB
627170,2025-05-29 04:36:47.228,TREB-61270,Tienda,1,SAP,TRE,TREB
627171,2025-05-29 07:04:22.680,GFTB-64100,Online,1,YOK,GFT,GFTB
627172,2025-05-29 16:14:39.016,AUDD-19098,Online,1,NAO,AUD,AUDD
627173,2025-05-29 23:56:38.054,TREA-19376,Online,2,OSA,TRE,TREA
627174,2025-05-30 01:24:46.542,CAMB-73801,Online,2,OSA,CAM,CAMB
627175,2025-05-30 06:32:49.361,HINC-99639,Tienda,3,OSA,HIN,HINC
627176,2025-05-30 14:54:04.108,PMUC-85322,Online,1,TOK,PMU,PMUC
627177,2025-05-30 18:03:24.807,PMUF-91948,Online,1,YOK,PMU,PMUF
627178,2025-05-31 00:28:37.144,ELEA-94156,Tienda,2,TOK,ELE,ELEA
627179,2025-05-31 07:12:27.842,PCTA-79303,Online,3,KYO,PCT,PCTA
627180,2025-05-31 08:22:19.979,ELEA-94156,Online,1,NAO,ELE,ELEA
627181,2025-05-31 09:15:53.637,TVSH-94394,Online,2,YOK,TVS,TVSH
627182,2025-05-31 14:27:59.858,AUDD-51870,Online,3,KYO,AUD,AUDD
627183,2025-05-31 17:43:53.710,PMUA-18768,Online,3,TOK,PMU,PMUA
627184,2025-05-31 23:31:23.310,CAMB-76266,Online,1,TOK,CAM,CAMB
627185,2025-06-01 01:20:29.007,JUGA-14058,Online,2,TOK,JUG,JUGA
627186,2025-06-01 12:18:07.230,JUGA-75164,Online,2,TOK,JUG,JUGA
627187,2025-06-01 22:42:03.620,JUGA-14058,Online,1,NAO,JUG,JUGA
627188,2025-06-02 01:22:27.512,CAMD-97282,Online,1,OSA,CAM,CAMD
627189,2025-06-02 09:08:57.161,HINB-52731,Online,1,NAO,HIN,HINB
627190,2025-06-02 13:14:53.169,PCTG-55933,Online,1,NAO,PCT,PCTG
627191,2025-06-02 23:56:06.321,TVSK-97454,Online,1,TOK,TVS,TVSK
627192,2025-06-03 09:08:44.213,PMUB-64632,Online,1,KAW,PMU,PMUB
627193,2025-06-03 19:10:35.229,ELEA-95730,Online,1,TOK,ELE,ELEA
627194,2025-06-04 03:24:55.315,HINC-14276,Online,1,TOK,HIN,HINC
627195,2025-06-04 10:03:21.939,TREC-38459,Online,1,SEN,TRE,TREC
627196,2025-06-04 21:18:40.157,TVSG-32098,Online,2,YOK,TVS,TVSG
627197,2025-06-05 02:33:59.442,AUDG-56768,Online,1,NAO,AUD,AUDG
627198,2025-06-05 09:17:15.281,SALD-37091,Tienda,1,NAO,SAL,SALD
627199,2025-06-05 10:49:30.758,TVSK-52573,Online,2,TOK,TVS,TVSK
627200,2025-06-05 15:25:54.882,TVSC-48439,Online,1,YOK,TVS,TVSC
627201,2025-06-05 21:18:35.389,TCLB-84177,Tienda,2,NAO,TCL,TCLB
627202,2025-06-06 06:09:31.665,SVSB-30421,Online,1,TOK,SVS,SVSB
627203,2025-06-06 15:13:17.532,TCLA-28159,Online,1,TOK,TCL,TCLA
627204,2025-06-06 21:32:43.399,SVSB-77735,Online,1,KAW,SVS,SVSB
627205,2025-06-07 07:58:02.996,HIND-23105,Online,1,TOK,HIN,HIND
627206,2025-06-07 11:26:22.261,TCLB-73973,Online,1,TOK,TCL,TCLB
627207,2025-06-07 21:49:47.445,CAMD-91419,Online,2,OSA,CAM,CAMD
627208,2025-06-08 01:03:42.339,HINA-31878,Online,1,TOK,HIN,HINA
627209,2025-06-08 08:32:23.906,TVSA-37154,Online,1,TOK,TVS,TVSA
627210,2025-06-08 08:57:37.474,VALB-76040,Online,1,TOK,VAL,VALB
627211,2025-06-08 16:25:18.876,JUGB-54689,Online,2,SEN,JUG,JUGB
627212,2025-06-08 18:58:05.579,AUDD-31740,Online,1,TOK,AUD,AUDD
627213,2025-06-09 04:15:15.395,AUDD-27432,Online,2,TOK,AUD,AUDD
627214,2025-06-09 08:13:19.286,ELEE-79787,Online,1,YOK,ELE,ELEE
627215,2025-06-09 17:26:19.692,ELEA-72745,Online,1,OSA,ELE,ELEA
627216,2025-06-09 19:50:39.531,PCTE-43854,Online,2,OSA,PCT,PCTE
627217,2025-06-09 20:07:59.161,VALB-75592,Online,1,TOK,VAL,VALB
627218,2025-06-10 03:48:37.980,JUGA-79838,Online,1,OSA,JUG,JUGA
627219,2025-06-10 15:36:04.159,AUDC-77489,Online,1,TOK,AUD,AUDC
627220,2025-06-10 21:36:03.182,TVSB-66291,Tienda,1,OSA,TVS,TVSB
627221,2025-06-11 06:25:03.663,ELED-96475,Online,1,YOK,ELE,ELED
627222,2025-06-11 09:15:02.618,CAMF-10559,Online,3,TOK,CAM,CAMF
627223,2025-06-11 17:11:27.177,TVSE-38644,Online,1,TOK,TVS,TVSE
627224,2025-06-12 00:33:35.023,PMUE-67482,Online,1,YOK,PMU,PMUE
627225,2025-06-12 02:30:06.664,JUGA-76388,Tienda,1,OSA,JUG,JUGA
627226,2025-06-12 07:14:19.262,PCTD-78066,Tienda,1,OSA,PCT,PCTD
627227,2025-06-12 17:19:57.400,TREA-54559,Online,1,TOK,TRE,TREA
627228,2025-06-12 20:41:19.951,VALB-76040,Online,1,TOK,VAL,VALB
627229,2025-06-13 05:05:13.622,PMUA-18768,Tienda,1,OSA,PMU,PMUA
627230,2025-06-13 07:56:57.209,TVSE-35938,Online,3,TOK,TVS,TVSE
627231,2025-06-13 14:46:25.650,VJGC-82268,Online,1,TOK,VJG,VJGC
627232,2025-06-13 23:04:06.099,CAMC-59852,Online,3,TOK,CAM,CAMC
627233,2025-06-14 00:19:22.759,TREA-34304,Online,1,TOK,TRE,TREA
627234,2025-06-14 08:26:36.217,HINC-71647,Online,1,OSA,HIN,HINC
627235,2025-06-14 14:51:46.533,PMUC-85322,Tienda,1,NAO,PMU,PMUC
627236,2025-06-14 17:48:05.400,TVSA-69059,Tienda,1,YOK,TVS,TVSA
627237,2025-06-14 22:16:37.729,AUDG-87751,Online,1,TOK,AUD,AUDG
627238,2025-06-15 00:48:09.145,TVSC-76915,Online,1,TOK,TVS,TVSC
627239,2025-06-15 12:40:19.418,ELEF-43850,Online,1,TOK,ELE,ELEF
627240,2025-06-15 23:08:48.643,PMUD-49240,Online,1,OSA,PMU,PMUD
627241,2025-06-16 06:36:40.402,VALC-77528,Online,1,TOK,VAL,VALC
627242,2025-06-16 16:30:07.813,PCTG-19234,Online,1,TOK,PCT,PCTG
627243,2025-06-16 22:41:54.191,HINC-50077,Online,1,TOK,HIN,HINC
627244,2025-06-17 02:09:29.314,PMUC-76592,Online,1,NAO,PMU,PMUC
627245,2025-06-17 03:58:42.341,AUDF-96046,Online,1,OSA,AUD,AUDF
627246,2025-06-17 09:56:53.738,DEPC-75065,Online,1,TOK,DEP,DEPC
627247,2025-06-17 15:44:14.876,PMUB-81384,Online,1,CHI,PMU,PMUB
627248,2025-06-18 02:37:58.680,TCLA-18358,Online,1,NAA,TCL,TCLA
627249,2025-06-18 07:25:54.440,ELEA-52077,Online,1,TOK,ELE,ELEA
627250,2025-06-18 12:38:52.936,JUGA-19374,Online,1,TOK,JUG,JUGA
627251,2025-06-18 17:05:11.121,ELEH-14712,Online,1,TOK,ELE,ELEH
627252,2025-06-19 02:34:02.290,VALC-46045,Online,1,TOK,VAL,VALC
627253,2025-06-19 07:11:03.749,VALC-66861,Online,1,TOK,VAL,VALC
627254,2025-06-19 16:45:26.134,VJGC-35545,Online,1,OSA,VJG,VJGC
627255,2025-06-19 19:19:18.052,TCLB-94347,Online,1,TOK,TCL,TCLB
627256,2025-06-20 04:00:33.096,CAMG-32626,Tienda,3,OSA,CAM,CAMG
627257,2025-06-20 04:12:05.023,SALB-74311,Online,1,OSA,SAL,SALB
627258,2025-06-20 12:16:59.483,DEPC-83201,Online,1,OSA,DEP,DEPC
627259,2025-06-20 20:55:44.973,EAGA-97591,Online,1,KYO,EAG,EAGA
627260,2025-06-21 03:59:33.874,PMUE-67482,Online,1,TOK,PMU,PMUE
627261,2025-06-21 07:14:35.636,ELED-72973,Online,1,TOK,ELE,ELED
627262,2025-06-21 07:45:19.639,VJGB-99482,Tienda,1,TOK,VJG,VJGB
627263,2025-06-21 10:20:58.216,AUDC-86094,Online,1,CHI,AUD,AUDC
627264,2025-06-21 11:06:17.003,VALB-23835,Online,1,TOK,VAL,VALB
627265,2025-06-21 20:31:05.413,PCTE-31451,Online,1,CHI,PCT,PCTE
627266,2025-06-21 21:07:30.907,TVSA-28885,Online,1,TOK,TVS,TVSA
627267,2025-06-21 23:09:31.572,TCLA-18358,Online,1,TOK,TCL,TCLA
627268,2025-06-22 10:06:55.437,DEPA-15668,Tienda,1,OSA,DEP,DEPA
627269,2025-06-22 19:16:04.146,SALC-25944,Online,1,OSA,SAL,SALC
627270,2025-06-23 03:49:42.882,CAMF-39184,Online,2,TOK,CAM,CAMF
627271,2025-06-23 12:44:18.374,EAGA-94103,Tienda,1,OSA,EAG,EAGA
627272,2025-06-23 13:26:11.394,CAME-54202,Online,1,TOK,CAM,CAME
627273,2025-06-23 15:09:11.309,PCTD-90095,Online,1,KAW,PCT,PCTD
627274,2025-06-23 22:42:37.956,JUGB-71287,Online,1,OSA,JUG,JUGB
627275,2025-06-24 01:44:06.644,TVSE-39365,Online,1,YOK,TVS,TVSE
627276,2025-06-24 05:41:00.460,EAGA-77205,Online,1,OSA,EAG,EAGA
627277,2025-06-24 12:57:45.071,PCTA-15104,Online,1,KAW,PCT,PCTA
627278,2025-06-24 17:12:08.106,GFTB-25314,Tienda,1,OSA,GFT,GFTB
627279,2025-06-24 21:28:53.163,VALC-33154,Online,1,OSA,VAL,VALC
627280,2025-06-25 08:54:30.853,SVSB-53445,Tienda,3,KYO,SVS,SVSB
627281,2025-06-25 14:21:57.573,SALA-29719,Online,1,SEN,SAL,SALA
627282,2025-06-25 20:48:24.146,PMUD-72375,Tienda,1,YOK,PMU,PMUD
627283,2025-06-26 04:28:10.917,HINC-14276,Online,1,YOK,HIN,HINC
627284,2025-06-26 15:29:15.079,PCTA-87890,Online,1,NAO,PCT,PCTA
627285,2025-06-27 01:58:37.273,PMUD-13214,Online,1,YOK,PMU,PMUD
627286,2025-06-27 04:54:53.952,ELED-72973,Tienda,2,TOK,ELE,ELED
627287,2025-06-27 05:40:42.727,SALD-54827,Online,1,KOB,SAL,SALD
627288,2025-06-27 07:48:37.585,AUDC-86094,Online,1,TOK,AUD,AUDC
627289,2025-06-27 14:41:21.273,AUDG-93346,Online,1,TOK,AUD,AUDG
627290,2025-06-27 17:46:29.152,AUDD-14488,Online,2,TOK,AUD,AUDD
627291,2025-06-28 03:31:00.740,HINB-53398,Tienda,3,HIR,HIN,HINB
627292,2025-06-28 07:59:22.103,TREC-89337,Online,3,TOK,TRE,TREC
627293,2025-06-28 11:08:51.434,EAGB-18443,Tienda,1,YOK,EAG,EAGB
627294,2025-06-28 15:34:53.331,PCTC-79338,Online,1,OSA,PCT,PCTC
627295,2025-06-28 16:22:27.989,SALA-13420,Online,1,YOK,SAL,SALA
627296,2025-06-28 23:08:53.553,SALC-66746,Online,3,TOK,SAL,SALC
627297,2025-06-29 07:19:38.918,SALB-57342,Online,1,CHI,SAL,SALB
627298,2025-06-29 13:28:16.070,PCTC-79338,Online,3,TOK,PCT,PCTC
627299,2025-06-29 20:56:23.259,VJGA-63405,Online,1,SEN,VJG,VJGA
627300,2025-06-30 08:54:54.405,ELEH-59218,Tienda,1,TOK,ELE,ELEH
627301,2025-06-30 20:14:52.118,VALD-70662,Online,3,TOK,VAL,VALD
627302,2025-06-30 21:15:47.975,SVSC-49713,Online,1,KYO,SVS,SVSC
627303,2025-06-30 22:47:57.648,PMUA-22826,Tienda,1,OSA,PMU,PMUA
627304,2025-07-01 03:21:50.462,HINC-64692,Online,1,TOK,HIN,HINC
627305,2025-07-01 08:58:15.113,TVSE-93265,Online,3,OSA,TVS,TVSE
627306,2025-07-01 18:43:26.407,JUGA-11747,Online,1,KYO,JUG,JUGA
627307,2025-07-02 05:23:18.267,PMUA-91660,Tienda,1,OSA,PMU,PMUA
627308,2025-07-02 15:25:19.238,ELEH-38761,Online,1,OSA,ELE,ELEH
627309,2025-07-03 01:00:52.835,DEPA-93535,Online,1,YOK,DEP,DEPA
627310,2025-07-03 10:11:33.229,PMUE-62157,Online,1,OSA,PMU,PMUE
627311,2025-07-03 13:01:24.581,ELED-72973,Online,1,TOK,ELE,ELED
627312,2025-07-03 16:47:26.123,VALC-89709,Online,1,KYO,VAL,VALC
627313,2025-07-03 18:52:33.410,TVSC-39806,Online,1,KYO,TVS,TVSC
627314,2025-07-03 18:56:38.057,CAMD-91108,Online,1,NAO,CAM,CAMD
627315,2025-07-03 20:20:37.911,ELEH-70263,Online,1,TOK,ELE,ELEH
627316,2025-07-04 00:04:51.586,ELEH-26937,Online,1,OSA,ELE,ELEH
627317,2025-07-04 10:45:20.103,AUDE-67553,Online,2,YOK,AUD,AUDE
627318,2025-07-04 19:28:52.230,EAGA-33983,Online,1,OSA,EAG,EAGA
627319,2025-07-05 04:05:16.354,ELEH-84269,Online,1,OSA,ELE,ELEH
627320,2025-07-05 04:43:41.735,PCTF-64290,Tienda,1,TOK,PCT,PCTF
627321,2025-07-05 16:16:35.243,ELEF-53541,Online,3,TOK,ELE,ELEF
627322,2025-07-05 21:34:50.349,TVSA-71943,Online,1,KYO,TVS,TVSA
627323,2025-07-05 21:38:27.244,SVSB-65802,Tienda,1,OSA,SVS,SVSB
627324,2025-07-05 21:44:06.343,ELEF-66710,Online,1,NAO,ELE,ELEF
627325,2025-07-06 04:21:52.661,AUDD-86021,Tienda,1,TOK,AUD,AUDD
627326,2025-07-06 16:05:03.141,PCTF-64290,Online,1,OSA,PCT,PCTF
627327,2025-07-07 02:27:43.723,VALC-92225,Online,3,OSA,VAL,VALC
627328,2025-07-07 08:06:01.565,VALB-40560,Online,1,OSA,VAL,VALB
627329,2025-07-07 14:43:49.077,HOGB-13551,Online,1,KOB,HOG,HOGB
627330,2025-07-07 22:58:15.251,DEPC-53900,Online,1,KYO,DEP,DEPC
627331,2025-07-08 06:08:50.589,HINC-10939,Online,1,OSA,HIN,HINC
627332,2025-07-08 14:57:33.517,PMUC-90916,Online,1,OSA,PMU,PMUC
627333,2025-07-08 18:02:19.722,TVSA-28885,Tienda,1,KYO,TVS,TVSA
627334,2025-07-08 20:05:37.476,SVSC-14017,Online,1,TOK,SVS,SVSC
627335,2025-07-08 21:12:23.219,HINA-51521,Tienda,1,TOK,HIN,HINA
627336,2025-07-09 06:02:49.088,SALA-83285,Online,1,NAO,SAL,SALA
627337,2025-07-09 14:55:30.133,TVSD-67001,Online,1,OSA,TVS,TVSD
627338,2025-07-09 15:12:24.006,AUDF-48133,Online,1,OSA,AUD,AUDF
627339,2025-07-09 15:16:18.256,CAMG-77378,Tienda,1,TOK,CAM,CAMG
627340,2025-07-09 15:23:39.175,CAMB-75691,Online,1,KYO,CAM,CAMB
627341,2025-07-10 01:56:29.761,VALD-50076,Online,2,NAO,VAL,VALD
627342,2025-07-10 02:10:29.709,EAGA-99524,Online,1,TOK,EAG,EAGA
627343,2025-07-10 02:49:42.367,HINC-77535,Online,1,TOK,HIN,HINC
627344,2025-07-10 10:15:11.377,TREC-68039,Online,1,NAO,TRE,TREC
627345,2025-07-10 14:18:25.080,TREC-57141,Online,2,HIR,TRE,TREC
627346,2025-07-10 18:11:11.616,PCTF-40305,Online,1,CHI,PCT,PCTF
627347,2025-07-10 22:08:14.973,CAMB-75691,Online,1,TOK,CAM,CAMB
627348,2025-07-11 00:18:21.167,JUGC-29874,Online,3,TOK,JUG,JUGC
627349,2025-07-11 02:29:31.004,TVSC-15871,Online,1,TOK,TVS,TVSC
627350,2025-07-11 05:08:51.352,TVSA-28885,Online,1,SAI,TVS,TVSA
627351,2025-07-11 07:20:28.728,HINB-81416,Online,1,OSA,HIN,HINB
627352,2025-07-11 17:10:10.533,VALC-29478,Online,1,TOK,VAL,VALC
627353,2025-07-11 19:26:26.767,ELEF-66710,Online,1,TOK,ELE,ELEF
627354,2025-07-11 20:26:29.532,DEPB-60297,Online,3,TOK,DEP,DEPB
627355,2025-07-12 04:57:02.069,SALA-98787,Online,1,OSA,SAL,SALA
627356,2025-07-12 16:22:11.220,AUDE-20785,Online,1,YOK,AUD,AUDE
627357,2025-07-12 22:02:52.128,TREA-84298,Online,3,FUK,TRE,TREA
627358,2025-07-13 09:39:35.233,TVSE-39365,Online,1,YOK,TVS,TVSE
627359,2025-07-13 16:50:59.579,SVSB-99945,Online,2,SAP,SVS,SVSB
627360,2025-07-13 21:09:51.122,SALC-35708,Online,3,TOK,SAL,SALC
627361,2025-07-14 00:51:12.922,TVSA-81183,Online,1,OSA,TVS,TVSA
627362,2025-07-14 01:35:28.824,JUGB-88309,Online,1,TOK,JUG,JUGB
627363,2025-07-14 07:02:04.223,JUGA-80769,Online,1,TOK,JUG,JUGA
627364,2025-07-14 16:00:54.094,EAGB-35294,Tienda,1,KYO,EAG,EAGB
627365,2025-07-15 03:27:06.085,VALD-12032,Online,1,NAA,VAL,VALD
627366,2025-07-15 14:14:26.896,CAMG-36891,Online,1,TOK,CAM,CAMG
627367,2025-07-15 21:38:04.306,VALA-45556,Online,3,HIR,VAL,VALA
627368,2025-07-15 23:25:54.975,EAGA-42140,Online,3,KYO,EAG,EAGA
627369,2025-07-16 01:23:26.824,EAGB-70398,Online,1,TOK,EAG,EAGB
627370,2025-07-16 07:19:45.406,PMUF-69780,Online,1,HIR,PMU,PMUF
627371,2025-07-16 12:17:13.281,PCTD-11136,Online,1,NAA,PCT,PCTD
627372,2025-07-16 13:43:12.741,PMUB-14449,Online,1,KYO,PMU,PMUB
627373,2025-07-16 22:32:13.705,DEPC-21455,Online,1,TOK,DEP,DEPC
627374,2025-07-16 23:55:37.645,VALB-76040,Online,1,OSA,VAL,VALB
627375,2025-07-17 04:36:47.251,CAMF-49001,Online,3,YOK,CAM,CAMF
627376,2025-07-17 14:06:15.920,PCTE-51280,Online,2,TOK,PCT,PCTE
627377,2025-07-18 01:53:04.195,VALB-75862,Online,1,OSA,VAL,VALB
627378,2025-07-18 08:18:37.347,VJGA-63405,Online,1,TOK,VJG,VJGA
627379,2025-07-18 17:16:54.967,VJGB-97374,Online,1,TOK,VJG,VJGB
627380,2025-07-19 03:49:55.065,SALB-74444,Online,1,OSA,SAL,SALB
627381,2025-07-19 08:14:03.755,TVSK-59395,Tienda,1,OSA,TVS,TVSK
627382,2025-07-19 12:24:43.905,VALC-16514,Online,1,YOK,VAL,VALC
627383,2025-07-19 13:27:36.303,VALB-40560,Tienda,1,OSA,VAL,VALB
627384,2025-07-19 19:28:32.416,VALC-66861,Online,1,KOB,VAL,VALC
627385,2025-07-19 23:38:03.846,PMUE-52590,Online,1,YOK,PMU,PMUE
627386,2025-07-20 07:55:40.712,PMUA-91660,Online,1,KYO,PMU,PMUA
627387,2025-07-20 10:31:05.957,JUGA-55990,Online,1,TOK,JUG,JUGA
627388,2025-07-20 15:15:34.396,PMUF-90686,Tienda,1,TOK,PMU,PMUF
627389,2025-07-20 19:57:00.958,PMUC-48740,Tienda,1,TOK,PMU,PMUC
627390,2025-07-21 07:24:31.133,HINC-14276,Online,1,NAO,HIN,HINC
627391,2025-07-21 17:24:36.751,GFTA-55595,Online,1,KAW,GFT,GFTA
627392,2025-07-21 21:51:54.776,SALD-54535,Tienda,1,OSA,SAL,SALD
627393,2025-07-22 09:01:58.810,PCTC-70856,Online,1,OSA,PCT,PCTC
627394,2025-07-22 17:15:58.856,ELEC-11465,Online,3,KYO,ELE,ELEC
627395,2025-07-22 23:49:34.976,CAMD-91419,Online,3,TOK,CAM,CAMD
627396,2025-07-23 08:53:59.742,TVSH-58041,Online,1,OSA,TVS,TVSH
627397,2025-07-23 19:11:55.234,PCTB-15419,Online,2,TOK,PCT,PCTB
627398,2025-07-23 21:46:45.033,DEPA-67315,Online,1,TOK,DEP,DEPA
627399,2025-07-24 06:08:48.312,AUDD-19098,Online,3,TOK,AUD,AUDD
627400,2025-07-24 13:15:06.220,PCTA-28013,Tienda,1,OSA,PCT,PCTA
627401,2025-07-24 21:41:11.698,TREA-95262,Online,1,OKA,TRE,TREA
627402,2025-07-25 03:51:13.838,TVSK-52573,Online,1,KYO,TVS,TVSK
627403,2025-07-25 07:04:08.210,VALA-43378,Online,3,SEN,VAL,VALA
627404,2025-07-25 11:05:28.887,PMUC-90916,Online,1,SAP,PMU,PMUC
627405,2025-07-25 22:20:11.808,GFTB-64100,Tienda,1,TOK,GFT,GFTB
627406,2025-07-26 05:14:54.017,VALA-63119,Online,1,NAO,VAL,VALA
627407,2025-07-26 07:29:57.495,SVSC-49713,Online,1,OSA,SVS,SVSC
627408,2025-07-26 07:53:40.037,ELEA-46113,Online,1,OSA,ELE,ELEA
627409,2025-07-26 12:05:01.732,VALC-66861,Online,1,OKA,VAL,VALC
627410,2025-07-26 16:08:24.982,TVSA-86884,Online,1,TOK,TVS,TVSA
627411,2025-07-26 18:35:05.796,TVSF-54905,Online,1,TOK,TVS,TVSF
627412,2025-07-26 23:35:17.982,TREA-22580,Online,2,KOB,TRE,TREA
627413,2025-07-27 03:26:15.469,SVSB-70583,Online,1,KOB,SVS,SVSB
627414,2025-07-27 14:07:38.209,VJGC-12458,Online,1,OSA,VJG,VJGC
627415,2025-07-27 14:55:08.412,SALD-31997,Online,1,KYO,SAL,SALD
627416,2025-07-28 00:12:58.857,JUGB-13067,Online,1,YOK,JUG,JUGB
627417,2025-07-28 10:56:32.927,ELEH-84269,Tienda,1,NAO,ELE,ELEH
627418,2025-07-28 12:05:35.171,TVSK-52573,Tienda,1,OSA,TVS,TVSK
627419,2025-07-28 17:59:04.660,VALC-33154,Online,1,KYO,VAL,VALC
627420,2025-07-28 23:36:46.621,TVSC-89610,Online,1,NAO,TVS,TVSC
627421,2025-07-29 04:06:29.518,SALD-37091,Online,1,YOK,SAL,SALD
627422,2025-07-29 05:03:13.879,HIND-12319,Online,1,OSA,HIN,HIND
627423,2025-07-29 10:46:38.356,TVSC-14729,Online,1,HIR,TVS,TVSC
627424,2025-07-29 12:49:53.402,SVSB-65802,Online,1,OSA,SVS,SVSB
627425,2025-07-29 23:04:13.807,TVSC-89610,Online,1,OSA,TVS,TVSC
627426,2025-07-29 23:18:13.597,ELEC-38990,Online,1,TOK,ELE,ELEC
627427,2025-07-30 00:24:32.447,ELEB-19207,Online,1,TOK,ELE,ELEB
627428,2025-07-30 00:31:25.573,PCTG-24967,Online,1,OSA,PCT,PCTG
627429,2025-07-30 07:23:36.009,PMUC-85322,Online,1,YOK,PMU,PMUC
627430,2025-07-30 08:58:43.587,PMUC-95197,Tienda,1,SEN,PMU,PMUC
627431,2025-07-30 10:17:34.726,PCTA-28013,Online,1,TOK,PCT,PCTA
627432,2025-07-30 13:38:57.556,CAMB-76266,Online,1,NAO,CAM,CAMB
627433,2025-07-30 21:26:13.722,PMUC-72771,Online,1,TOK,PMU,PMUC
627434,2025-07-31 01:00:53.003,TVSA-47994,Online,1,TOK,TVS,TVSA
627435,2025-07-31 03:45:48.759,EAGA-72753,Online,1,TOK,EAG,EAGA
627436,2025-07-31 05:41:52.751,SALA-26965,Online,2,YOK,SAL,SALA
627437,2025-07-31 06:00:25.130,SVSA-27487,Tienda,1,NAA,SVS,SVSA
627438,2025-07-31 13:09:49.624,PMUF-69780,Online,1,TOK,PMU,PMUF
627439,2025-07-31 16:48:17.710,PCTG-24967,Online,1,NAO,PCT,PCTG
627440,2025-07-31 22:29:24.991,PCTA-28620,Online,1,TOK,PCT,PCTA
627441,2025-08-01 07:30:12.178,CAMF-87569,Online,1,TOK,CAM,CAMF
627442,2025-08-01 08:57:10.888,PMUD-39558,Tienda,1,NAO,PMU,PMUD
627443,2025-08-01 13:38:23.262,CAMB-76266,Tienda,1,OSA,CAM,CAMB
627444,2025-08-01 18:23:30.157,AUDC-60349,Online,1,OSA,AUD,AUDC
627445,2025-08-02 03:18:07.983,SALC-56522,Online,2,TOK,SAL,SALC
627446,2025-08-02 04:17:20.332,TVSE-93265,Online,1,TOK,TVS,TVSE
627447,2025-08-02 13:17:56.811,AUDB-40774,Online,1,TOK,AUD,AUDB
627448,2025-08-02 15:46:38.856,TREA-95262,Online,1,SAP,TRE,TREA
627449,2025-08-02 18:44:38.847,JUGA-48800,Online,1,TOK,JUG,JUGA
627450,2025-08-02 23:18:19.091,AUDG-29794,Online,1,TOK,AUD,AUDG
627451,2025-08-02 23:43:12.553,DEPA-15668,Online,3,FUK,DEP,DEPA
627452,2025-08-03 09:59:25.697,TVSE-66783,Online,1,OSA,TVS,TVSE
627453,2025-08-03 10:48:39.513,TREB-15387,Online,3,SEN,TRE,TREB
627454,2025-08-03 11:32:08.126,EAGA-34753,Online,1,NAO,EAG,EAGA
627455,2025-08-03 17:48:22.787,TVSH-94394,Online,3,NAA,TVS,TVSH
627456,2025-08-04 05:25:55.255,CAMF-35067,Online,2,KAW,CAM,CAMF
627457,2025-08-04 06:27:26.454,CAMD-21652,Online,1,OSA,CAM,CAMD
627458,2025-08-04 16:00:18.883,PMUF-96262,Online,3,KYO,PMU,PMUF
627459,2025-08-04 17:47:02.374,JUGA-80769,Tienda,1,TOK,JUG,JUGA
627460,2025-08-04 18:21:06.228,EAGC-60739,Online,1,OSA,EAG,EAGC
627461,2025-08-04 21:55:51.516,ELEG-27936,Online,1,OSA,ELE,ELEG
627462,2025-08-05 05:13:55.368,SALC-25944,Online,1,TOK,SAL,SALC
627463,2025-08-05 14:15:23.575,VALD-50076,Online,1,OSA,VAL,VALD
627464,2025-08-06 00:43:21.363,SALC-61416,Online,1,OSA,SAL,SALC
627465,2025-08-06 04:05:54.034,HOGA-90043,Online,2,TOK,HOG,HOGA
627466,2025-08-06 05:02:13.918,VJGA-20197,Online,1,TOK,VJG,VJGA
627467,2025-08-06 10:53:43.241,EAGA-77205,Tienda,1,TOK,EAG,EAGA
627468,2025-08-06 14:14:51.575,EAGB-93833,Online,1,KYO,EAG,EAGB
627469,2025-08-07 00:48:35.453,AUDG-55619,Online,1,NAA,AUD,AUDG
627470,2025-08-07 05:19:49.228,TREC-38459,Online,1,TOK,TRE,TREC
627471,2025-08-07 09:50:32.336,SALD-86893,Online,2,YOK,SAL,SALD
627472,2025-08-07 19:04:03.883,TVSA-69059,Online,2,TOK,TVS,TVSA
627473,2025-08-08 04:16:05.781,HOGB-62427,Online,3,KAW,HOG,HOGB
627474,2025-08-08 15:27:02.721,CAMB-72325,Online,1,TOK,CAM,CAMB
627475,2025-08-08 22:58:34.257,CAME-10194,Online,3,NAO,CAM,CAME
627476,2025-08-09 03:57:47.465,ELEC-63932,Online,1,YOK,ELE,ELEC
627477,2025-08-09 14:09:03.497,TVSB-75678,Tienda,1,TOK,TVS,TVSB
627478,2025-08-09 14:52:49.909,VJGC-17993,Online,1,TOK,VJG,VJGC
627479,2025-08-09 17:09:55.896,VJGA-63405,Online,1,YOK,VJG,VJGA
627480,2025-08-10 01:02:44.306,PMUD-72375,Online,1,SAI,PMU,PMUD
627481,2025-08-10 06:52:33.914,JUGA-11747,Online,1,YOK,JUG,JUGA
627482,2025-08-10 08:23:53.978,EAGA-72753,Online,1,NAA,EAG,EAGA
627483,2025-08-10 13:36:15.446,VJGA-52049,Online,1,TOK,VJG,VJGA
627484,2025-08-10 17:49:01.285,PCTE-13396,Online,1,TOK,PCT,PCTE
627485,2025-08-10 17:53:48.159,PCTF-23943,Online,1,YOK,PCT,PCTF
627486,2025-08-11 00:39:16.000,TVSB-25580,Online,1,FUK,TVS,TVSB
627487,2025-08-11 02:47:09.798,PCTA-79303,Online,1,KYO,PCT,PCTA
627488,2025-08-11 08:25:22.619,EAGC-89228,Tienda,2,OSA,EAG,EAGC
627489,2025-08-11 10:55:19.535,ELEE-74121,Online,1,OSA,ELE,ELEE
627490,2025-08-11 11:14:46.340,PCTB-11336,Online,1,OSA,PCT,PCTB
627491,2025-08-11 17:51:59.139,TVSB-24886,Online,3,OSA,TVS,TVSB
627492,2025-08-12 02:42:12.136,PCTD-28484,Tienda,1,TOK,PCT,PCTD
627493,2025-08-12 12:50:07.031,EAGB-93225,Online,1,TOK,EAG,EAGB
627494,2025-08-12 21:09:30.130,TVSF-74699,Online,1,SEN,TVS,TVSF
627495,2025-08-13 00:15:21.003,ELEC-63932,Tienda,1,OSA,ELE,ELEC
627496,2025-08-13 04:02:04.414,HINC-64692,Online,1,TOK,HIN,HINC
627497,2025-08-13 14:42:19.450,TVSJ-35413,Tienda,1,KAW,TVS,TVSJ
627498,2025-08-14 00:57:30.948,VJGC-59751,Online,1,KYO,VJG,VJGC
627499,2025-08-14 04:46:09.532,CAMD-99456,Online,1,TOK,CAM,CAMD
627500,2025-08-14 09:42:10.927,TVSB-58406,Online,1,NAA,TVS,TVSB
627501,2025-08-14 11:26:32.788,VALD-36480,Online,1,TOK,VAL,VALD
627502,2025-08-14 22:11:44.273,TVSF-54905,Tienda,2,OSA,TVS,TVSF
627503,2025-08-15 01:50:28.662,TVSK-29455,Online,1,FUK,TVS,TVSK
627504,2025-08-15 02:54:38.866,VALD-70662,Online,1,FUK,VAL,VALD
627505,2025-08-15 13:32:17.184,HIND-23105,Online,1,YOK,HIN,HIND
627506,2025-08-16 00:28:03.430,ELEG-97121,Online,1,TOK,ELE,ELEG
627507,2025-08-16 03:06:21.705,ELEE-74121,Online,1,YOK,ELE,ELEE
627508,2025-08-16 09:34:57.063,ELEG-76662,Online,1,TOK,ELE,ELEG
627509,2025-08-16 14:19:35.953,AUDE-20785,Online,2,TOK,AUD,AUDE
627510,2025-08-16 17:04:25.753,DEPC-36340,Online,1,TOK,DEP,DEPC
627511,2025-08-16 19:09:17.932,SVSA-29587,Online,1,TOK,SVS,SVSA
627512,2025-08-17 05:14:03.570,PCTF-23943,Online,1,YOK,PCT,PCTF
627513,2025-08-17 09:52:30.775,TCLB-78566,Online,1,TOK,TCL,TCLB
627514,2025-08-17 12:01:59.082,TVSF-97496,Online,1,CHI,TVS,TVSF
627515,2025-08-17 12:54:29.880,PCTC-51525,Tienda,3,SEN,PCT,PCTC
627516,2025-08-17 21:39:29.977,HIND-75394,Online,1,OSA,HIN,HIND
627517,2025-08-18 01:24:14.670,ELEF-53541,Online,1,TOK,ELE,ELEF
627518,2025-08-18 05:20:32.161,PCTD-90095,Online,3,NAO,PCT,PCTD
627519,2025-08-18 07:47:12.524,VALB-67289,Online,1,OSA,VAL,VALB
627520,2025-08-18 10:27:16.263,VALD-85277,Online,1,TOK,VAL,VALD
627521,2025-08-18 22:04:20.579,TVSC-89610,Online,1,TOK,TVS,TVSC
627522,2025-08-19 06:27:39.445,EAGA-33983,Online,2,OSA,EAG,EAGA
627523,2025-08-19 14:06:29.753,SALB-57342,Online,2,TOK,SAL,SALB
627524,2025-08-20 01:15:59.737,VALB-67289,Online,1,TOK,VAL,VALB
627525,2025-08-20 12:30:18.189,PMUB-71172,Tienda,2,YOK,PMU,PMUB
627526,2025-08-21 00:08:54.259,TVSF-52972,Online,3,TOK,TVS,TVSF
627527,2025-08-21 09:48:47.324,PCTG-19234,Online,1,TOK,PCT,PCTG
627528,2025-08-21 21:11:55.964,SALB-74444,Online,1,NAO,SAL,SALB
627529,2025-08-22 07:17:58.818,HINB-61066,Tienda,2,OSA,HIN,HINB
627530,2025-08-22 08:03:00.019,DEPC-31630,Online,1,OSA,DEP,DEPC
627531,2025-08-22 08:27:36.875,PMUD-39558,Online,1,KOB,PMU,PMUD
627532,2025-08-22 14:29:27.950,PCTE-68553,Online,1,TOK,PCT,PCTE
627533,2025-08-22 21:01:45.700,AUDD-14707,Online,1,OSA,AUD,AUDD
627534,2025-08-22 21:12:40.056,AUDD-51870,Online,1,NAO,AUD,AUDD
627535,2025-08-22 21:41:13.561,SALC-14541,Online,1,YOK,SAL,SALC
627536,2025-08-23 02:18:03.331,JUGA-76388,Online,3,TOK,JUG,JUGA
627537,2025-08-23 07:24:35.158,HOGC-38780,Online,1,NAO,HOG,HOGC
627538,2025-08-23 11:10:50.876,SVSB-78752,Online,1,TOK,SVS,SVSB
627539,2025-08-23 17:39:16.975,TVSA-71943,Online,1,YOK,TVS,TVSA
627540,2025-08-23 18:59:28.911,ELEF-39035,Online,1,YOK,ELE,ELEF
627541,2025-08-24 05:03:05.713,TVSE-35938,Online,1,TOK,TVS,TVSE
627542,2025-08-24 07:24:21.774,TVSG-52521,Online,1,TOK,TVS,TVSG
627543,2025-08-24 17:34:34.531,SVSB-70583,Online,1,OSA,SVS,SVSB
627544,2025-08-24 19:39:00.389,TVSA-86884,Tienda,2,KYO,TVS,TVSA
627545,2025-08-24 21:47:06.088,HINB-81416,Online,1,TOK,HIN,HINB
627546,2025-08-24 23:56:49.558,AUDG-55619,Tienda,1,TOK,AUD,AUDG
627547,2025-08-25 08:01:35.886,TCLB-94347,Online,1,YOK,TCL,TCLB
627548,2025-08-25 11:51:09.931,EAGB-86819,Online,1,OSA,EAG,EAGB
627549,2025-08-25 16:55:46.756,HINB-80143,Online,1,TOK,HIN,HINB
627550,2025-08-25 17:15:57.392,PMUF-11542,Online,1,NAO,PMU,PMUF
627551,2025-08-25 22:05:50.185,PCTG-24967,Online,1,KYO,PCT,PCTG
627552,2025-08-26 03:57:29.644,VJGA-77269,Online,1,NAO,VJG,VJGA
627553,2025-08-26 05:27:46.510,TVSH-51985,Online,3,OSA,TVS,TVSH
627554,2025-08-26 06:47:02.530,TREB-88970,Online,2,TOK,TRE,TREB
627555,2025-08-26 16:09:57.495,SALB-55826,Online,1,NAA,SAL,SALB
627556,2025-08-26 18:54:01.177,SALA-98787,Online,1,YOK,SAL,SALA
627557,2025-08-27 04:13:16.251,PCTG-58763,Online,1,TOK,PCT,PCTG
627558,2025-08-27 13:38:07.548,PCTF-73347,Online,2,TOK,PCT,PCTF
627559,2025-08-27 23:58:59.944,VALA-45556,Tienda,1,OSA,VAL,VALA
627560,2025-08-28 10:08:51.794,AUDG-52341,Online,3,YOK,AUD,AUDG
627561,2025-08-28 18:20:34.947,EAGA-51758,Online,3,TOK,EAG,EAGA
627562,2025-08-29 02:15:06.468,VJGA-52049,Online,1,KOB,VJG,VJGA
627563,2025-08-29 09:29:56.652,PCTE-95402,Online,1,SAI,PCT,PCTE
627564,2025-08-29 10:27:19.727,CAMD-15276,Online,1,TOK,CAM,CAMD
627565,2025-08-29 14:48:40.529,SVSC-18384,Online,1,TOK,SVS,SVSC
627566,2025-08-29 23:50:14.594,AUDF-48133,Online,1,TOK,AUD,AUDF
627567,2025-08-30 04:57:25.536,PCTB-39061,Online,3,YOK,PCT,PCTB
627568,2025-08-30 05:28:53.501,HOGC-91549,Online,3,OSA,HOG,HOGC
627569,2025-08-30 13:57:44.513,TVSA-47994,Online,1,TOK,TVS,TVSA
627570,2025-08-31 00:53:04.116,PMUE-65102,Online,1,TOK,PMU,PMUE
627571,2025-08-31 03:57:01.947,EAGA-50329,Online,1,TOK,EAG,EAGA
627572,2025-08-31 09:15:28.028,VALC-29478,Online,2,YOK,VAL,VALC
627573,2025-08-31 12:31:08.077,HOGC-99132,Online,1,OSA,HOG,HOGC
627574,2025-08-31 23:40:45.952,HIND-78250,Online,1,TOK,HIN,HIND
627575,2025-09-01 00:34:36.863,HINC-67291,Online,1,YOK,HIN,HINC
627576,2025-09-01 06:24:15.013,TVSF-51846,Tienda,1,TOK,TVS,TVSF
627577,2025-09-01 14:46:14.334,TREC-38459,Online,1,TOK,TRE,TREC
627578,2025-09-01 20:12:08.339,TVSB-65396,Online,1,KOB,TVS,TVSB
627579,2025-09-02 03:04:01.646,HOGB-92802,Online,1,NAO,HOG,HOGB
627580,2025-09-02 07:54:55.224,PCTD-28484,Tienda,3,YOK,PCT,PCTD
627581,2025-09-02 09:02:57.677,ELEH-14712,Online,1,CHI,ELE,ELEH
627582,2025-09-02 16:44:58.084,SALC-74981,Online,2,NAA,SAL,SALC
627583,2025-09-02 18:06:19.689,PMUD-11547,Online,1,YOK,PMU,PMUD
627584,2025-09-02 22:56:01.863,CAME-36070,Online,1,TOK,CAM,CAME
627585,2025-09-03 05:16:54.951,PMUA-22761,Online,1,FUK,PMU,PMUA
627586,2025-09-03 11:11:53.524,EAGC-89130,Online,1,CHI,EAG,EAGC
627587,2025-09-03 12:47:33.421,JUGA-76388,Online,1,TOK,JUG,JUGA
627588,2025-09-03 21:25:49.317,TREC-89337,Online,1,KYO,TRE,TREC
627589,2025-09-04 09:14:38.084,CAMG-22492,Online,1,NAA,CAM,CAMG
627590,2025-09-04 20:21:29.830,HIND-63924,Tienda,1,OSA,HIN,HIND
627591,2025-09-05 05:32:00.848,PCTA-43488,Online,1,TOK,PCT,PCTA
627592,2025-09-05 09:40:03.994,PCTA-60986,Online,1,TOK,PCT,PCTA
627593,2025-09-05 10:05:22.393,PMUC-48740,Online,2,TOK,PMU,PMUC
627594,2025-09-05 11:25:25.661,VALD-50076,Tienda,1,TOK,VAL,VALD
627595,2025-09-05 21:00:59.063,EAGB-93833,Online,2,OSA,EAG,EAGB
627596,2025-09-06 06:08:47.534,TREC-33239,Online,2,TOK,TRE,TREC
627597,2025-09-06 16:46:54.123,PCTA-60986,Online,3,TOK,PCT,PCTA
627598,2025-09-06 19:26:23.530,TVSK-49778,Tienda,1,TOK,TVS,TVSK
627599,2025-09-06 20:11:21.286,GFTB-28763,Online,1,OSA,GFT,GFTB
627600,2025-09-06 22:22:19.513,SALB-74444,Online,1,OSA,SAL,SALB
627601,2025-09-07 01:09:33.388,TREA-54559,Online,3,KOB,TRE,TREA
627602,2025-09-07 06:18:07.290,TVSH-48777,Tienda,1,OSA,TVS,TVSH
627603,2025-09-07 08:29:26.128,VALB-85841,Online,3,TOK,VAL,VALB
627604,2025-09-07 16:18:02.569,EAGB-93225,Online,2,SAI,EAG,EAGB
627605,2025-09-08 00:35:57.471,TVSC-39806,Tienda,1,TOK,TVS,TVSC
627606,2025-09-08 04:12:14.159,VALB-67289,Online,2,NAO,VAL,VALB
627607,2025-09-08 11:46:22.843,TVSF-89636,Online,1,SAP,TVS,TVSF
627608,2025-09-08 17:59:08.721,HIND-63924,Online,1,TOK,HIN,HIND
627609,2025-09-08 18:51:52.897,SVSC-49713,Online,3,YOK,SVS,SVSC
627610,2025-09-09 05:38:56.461,GFTA-55595,Online,1,FUK,GFT,GFTA
627611,2025-09-09 17:00:22.992,PMUB-71172,Online,1,TOK,PMU,PMUB
627612,2025-09-10 02:23:32.438,TCLA-28159,Online,1,TOK,TCL,TCLA
627613,2025-09-10 09:07:52.294,VALC-37887,Tienda,1,YOK,VAL,VALC
627614,2025-09-10 12:59:52.705,GFTB-83134,Tienda,1,TOK,GFT,GFTB
627615,2025-09-10 21:58:39.024,TVSH-48777,Online,1,SAP,TVS,TVSH
627616,2025-09-11 03:09:56.099,PMUB-42684,Online,1,OSA,PMU,PMUB
627617,2025-09-11 03:55:02.284,ELED-72973,Online,1,TOK,ELE,ELED
627618,2025-09-11 12:22:57.543,SALA-13420,Online,1,OSA,SAL,SALA
627619,2025-09-11 14:16:10.523,PMUA-36320,Online,2,KYO,PMU,PMUA
627620,2025-09-12 00:05:02.731,PMUA-22761,Online,2,NAO,PMU,PMUA
627621,2025-09-12 01:59:42.724,PCTG-24967,Online,1,OSA,PCT,PCTG
627622,2025-09-12 13:40:20.887,PCTA-87890,Online,1,TOK,PCT,PCTA
627623,2025-09-12 20:45:29.819,SALB-86207,Tienda,1,OSA,SAL,SALB
627624,2025-09-13 07:29:34.269,ELED-72973,Tienda,1,TOK,ELE,ELED
627625,2025-09-13 14:36:24.409,ELEF-82487,Online,3,TOK,ELE,ELEF
627626,2025-09-13 22:07:46.979,PCTA-28013,Online,1,TOK,PCT,PCTA
627627,2025-09-14 03:49:43.809,PCTA-87890,Online,1,NAO,PCT,PCTA
627628,2025-09-14 14:40:58.810,HINB-12013,Online,1,TOK,HIN,HINB
627629,2025-09-14 21:13:23.861,VALB-66230,Online,1,NAO,VAL,VALB
627630,2025-09-15 03:16:36.740,PMUC-64474,Online,1,TOK,PMU,PMUC
627631,2025-09-15 11:47:29.649,AUDA-76685,Online,1,TOK,AUD,AUDA
627632,2025-09-15 13:15:10.364,JUGA-15222,Online,1,SAI,JUG,JUGA
627633,2025-09-15 18:29:45.382,VALA-62707,Online,2,TOK,VAL,VALA
627634,2025-09-16 01:02:44.029,PCTB-10627,Tienda,1,YOK,PCT,PCTB
627635,2025-09-16 07:39:15.898,TCLB-78566,Online,1,OSA,TCL,TCLB
627636,2025-09-16 19:16:44.964,ELED-72973,Tienda,1,OSA,ELE,ELED
627637,2025-09-17 01:04:22.824,TVSF-97496,Online,1,TOK,TVS,TVSF
627638,2025-09-17 09:56:45.932,SALA-29807,Online,1,KYO,SAL,SALA
627639,2025-09-17 20:03:08.791,ELEB-64108,Online,1,NAO,ELE,ELEB
627640,2025-09-18 03:40:52.554,HINC-14276,Online,1,TOK,HIN,HINC
627641,2025-09-18 15:00:46.602,SALC-14541,Online,1,TOK,SAL,SALC
627642,2025-09-18 23:52:33.491,ELEH-70263,Online,1,TOK,ELE,ELEH
627643,2025-09-18 23:58:24.857,VALA-62707,Online,3,OSA,VAL,VALA
627644,2025-09-19 01:28:31.680,CAME-36070,Online,1,KOB,CAM,CAME
627645,2025-09-19 02:03:49.977,SVSB-78752,Online,3,TOK,SVS,SVSB
627646,2025-09-19 10:28:21.485,HINB-12013,Online,1,YOK,HIN,HINB
627647,2025-09-19 14:06:04.644,PCTA-94053,Online,1,TOK,PCT,PCTA
627648,2025-09-19 23:13:48.370,HINA-31878,Tienda,1,HIR,HIN,HINA
627649,2025-09-20 10:14:59.449,TVSG-48474,Tienda,2,TOK,TVS,TVSG
627650,2025-09-20 11:34:45.162,ELEH-59218,Online,1,TOK,ELE,ELEH
627651,2025-09-20 15:49:23.772,EAGB-64686,Online,3,TOK,EAG,EAGB
627652,2025-09-21 01:12:31.545,TVSB-98079,Online,3,OSA,TVS,TVSB
627653,2025-09-21 08:23:31.107,TREA-44920,Tienda,1,TOK,TRE,TREA
627654,2025-09-21 15:51:46.527,AUDA-30254,Tienda,1,YOK,AUD,AUDA
627655,2025-09-22 02:50:31.786,ELEG-32578,Online,1,TOK,ELE,ELEG
627656,2025-09-22 14:30:34.816,TVSA-31282,Online,2,TOK,TVS,TVSA
627657,2025-09-22 21:49:16.247,JUGA-48800,Tienda,1,OSA,JUG,JUGA
627658,2025-09-23 07:42:24.716,JUGA-48800,Online,1,OSA,JUG,JUGA
627659,2025-09-23 18:17:39.467,TVSA-69059,Online,1,YOK,TVS,TVSA
627660,2025-09-24 03:38:56.277,CAMD-91419,Online,1,YOK,CAM,CAMD
627661,2025-09-24 04:56:34.097,EAGA-73172,Online,3,TOK,EAG,EAGA
627662,2025-09-24 14:42:22.451,TVSB-75678,Online,1,TOK,TVS,TVSB
627663,2025-09-24 15:42:56.673,PMUF-69780,Online,1,OSA,PMU,PMUF
627664,2025-09-24 22:33:01.343,HIND-78250,Tienda,1,KYO,HIN,HIND
627665,2025-09-25 10:15:42.556,PCTD-28484,Online,1,SAP,PCT,PCTD
627666,2025-09-25 21:55:26.146,TVSH-24340,Online,1,OSA,TVS,TVSH
627667,2025-09-26 07:02:53.295,TVSB-66291,Online,3,TOK,TVS,TVSB
627668,2025-09-26 18:07:08.414,VALA-63119,Online,1,TOK,VAL,VALA
627669,2025-09-26 19:51:57.318,PMUF-96262,Online,1,TOK,PMU,PMUF
627670,2025-09-26 21:05:31.455,PCTB-11336,Online,1,YOK,PCT,PCTB
627671,2025-09-27 00:21:27.497,PCTC-51525,Online,1,OSA,PCT,PCTC
627672,2025-09-27 08:51:55.080,AUDF-36007,Online,1,KYO,AUD,AUDF
627673,2025-09-27 18:16:02.273,PMUB-43343,Online,1,NAO,PMU,PMUB
627674,2025-09-28 04:14:03.731,PCTG-55933,Online,1,NAO,PCT,PCTG
627675,2025-09-28 13:26:26.730,TVSA-69059,Online,2,TOK,TVS,TVSA
627676,2025-09-28 19:17:06.716,TVSK-97454,Online,1,TOK,TVS,TVSK
627677,2025-09-29 07:03:36.449,AUDD-27432,Online,2,FUK,AUD,AUDD
627678,2025-09-29 09:01:15.589,VALD-36480,Online,1,SAI,VAL,VALD
627679,2025-09-29 09:30:20.010,ELED-72973,Online,1,NAO,ELE,ELED
627680,2025-09-29 18:51:24.376,AUDC-38249,Online,1,TOK,AUD,AUDC
627681,2025-09-30 04:12:07.779,PMUA-36320,Online,1,YOK,PMU,PMUA
627682,2025-09-30 15:33:06.079,PMUB-92487,Online,1,OSA,PMU,PMUB
627683,2025-09-30 18:08:56.952,ELEA-94156,Online,1,YOK,ELE,ELEA
627684,2025-10-01 02:00:56.100,AUDE-67553,Online,3,TOK,AUD,AUDE
627685,2025-10-01 03:18:15.080,HINB-80143,Online,1,OSA,HIN,HINB
627686,2025-10-01 04:34:45.813,VALD-51795,Online,3,OSA,VAL,VALD
627687,2025-10-01 09:18:45.789,TREB-15387,Tienda,1,TOK,TRE,TREB
627688,2025-10-01 14:24:10.982,ELEF-63029,Online,1,OKA,ELE,ELEF
627689,2025-10-01 20:04:19.651,TVSC-48100,Online,1,TOK,TVS,TVSC
627690,2025-10-02 02:54:13.594,TVSF-79386,Online,1,NAA,TVS,TVSF
627691,2025-10-02 11:42:48.605,VALC-16514,Online,1,YOK,VAL,VALC
627692,2025-10-02 22:09:14.044,JUGB-51642,Online,1,YOK,JUG,JUGB
627693,2025-10-02 22:42:04.296,PMUD-72375,Online,1,OSA,PMU,PMUD
627694,2025-10-03 08:35:56.355,AUDF-31318,Online,1,NAA,AUD,AUDF
627695,2025-10-03 18:05:30.397,VJGA-32969,Online,1,CHI,VJG,VJGA
627696,2025-10-03 21:33:20.779,CAMC-26079,Tienda,1,TOK,CAM,CAMC
627697,2025-10-04 08:48:27.997,TVSB-19363,Online,1,KYO,TVS,TVSB
627698,2025-10-04 20:04:17.029,HINB-61066,Online,1,YOK,HIN,HINB
627699,2025-10-05 00:42:39.488,GFTA-18366,Tienda,1,TOK,GFT,GFTA
627700,2025-10-05 11:10:32.463,AUDB-10684,Tienda,1,TOK,AUD,AUDB
627701,2025-10-05 16:03:02.158,PCTE-88935,Online,1,TOK,PCT,PCTE
627702,2025-10-05 20:54:59.371,AUDF-40301,Tienda,1,YOK,AUD,AUDF
627703,2025-10-05 21:58:46.187,JUGA-11070,Online,1,TOK,JUG,JUGA
627704,2025-10-06 05:02:40.706,TVSF-79386,Online,1,NAA,TVS,TVSF
627705,2025-10-06 15:30:23.120,GFTA-84928,Online,2,NAO,GFT,GFTA
627706,2025-10-06 17:27:19.660,EAGC-89130,Tienda,1,SEN,EAG,EAGC
627707,2025-10-07 02:03:46.148,TCLB-78566,Tienda,1,OSA,TCL,TCLB
627708,2025-10-07 11:51:15.999,EAGA-99524,Online,1,YOK,EAG,EAGA
627709,2025-10-07 21:51:42.177,SALA-16568,Online,1,TOK,SAL,SALA
627710,2025-10-07 23:51:31.646,CAMD-97282,Online,1,TOK,CAM,CAMD
627711,2025-10-08 06:36:02.894,VJGB-40022,Online,1,OSA,VJG,VJGB
627712,2025-10-08 06:49:23.189,HOGA-90043,Online,2,TOK,HOG,HOGA
627713,2025-10-08 09:46:00.530,CAMF-67325,Online,1,OSA,CAM,CAMF
627714,2025-10-08 15:58:04.302,PCTC-27031,Online,1,TOK,PCT,PCTC
627715,2025-10-08 23:28:32.766,DEPC-36340,Online,3,TOK,DEP,DEPC
627716,2025-10-09 01:35:09.637,AUDF-48133,Online,1,NAO,AUD,AUDF
627717,2025-10-09 04:39:15.091,AUDC-26674,Tienda,3,TOK,AUD,AUDC
627718,2025-10-09 16:13:50.958,HINC-94059,Online,3,NAA,HIN,HINC
627719,2025-10-10 00:39:38.090,VALB-74131,Online,1,YOK,VAL,VALB
627720,2025-10-10 02:48:06.564,TVSF-52972,Online,1,TOK,TVS,TVSF
627721,2025-10-10 10:21:54.828,PMUB-43343,Online,1,OSA,PMU,PMUB
627722,2025-10-10 14:47:30.834,ELEE-71222,Online,1,OSA,ELE,ELEE
627723,2025-10-11 00:12:14.837,TVSH-24340,Online,3,YOK,TVS,TVSH
627724,2025-10-11 11:02:23.303,JUGA-55990,Online,1,TOK,JUG,JUGA
627725,2025-10-11 14:42:25.408,TVSF-97496,Online,2,TOK,TVS,TVSF
627726,2025-10-12 00:16:03.917,SALC-35708,Online,1,CHI,SAL,SALC
627727,2025-10-12 07:57:16.961,ELEG-76662,Online,2,TOK,ELE,ELEG
627728,2025-10-12 15:52:24.164,DEPB-84576,Tienda,2,OSA,DEP,DEPB
627729,2025-10-12 21:26:00.752,TVSH-51985,Online,1,TOK,TVS,TVSH
627730,2025-10-13 00:28:05.596,SVSB-30110,Online,1,NAO,SVS,SVSB
627731,2025-10-13 01:23:56.364,CAMG-22492,Tienda,3,FUK,CAM,CAMG
627732,2025-10-13 08:13:36.502,AUDG-75395,Online,1,SEN,AUD,AUDG
627733,2025-10-13 10:54:27.191,PCTG-86864,Online,1,OSA,PCT,PCTG
627734,2025-10-13 21:48:27.282,SALC-77908,Tienda,3,OSA,SAL,SALC
627735,2025-10-14 05:50:41.618,TVSG-30035,Online,1,TOK,TVS,TVSG
627736,2025-10-14 06:27:06.070,ELEC-11465,Online,1,FUK,ELE,ELEC
627737,2025-10-14 10:36:01.945,CAME-43041,Online,3,YOK,CAM,CAME
627738,2025-10-14 17:35:14.387,PCTF-27498,Online,1,YOK,PCT,PCTF
627739,2025-10-15 02:53:18.405,DEPB-60297,Online,3,NAO,DEP,DEPB
627740,2025-10-15 13:46:44.202,VJGC-35545,Online,1,OSA,VJG,VJGC
627741,2025-10-15 14:10:14.135,PMUE-62157,Online,1,TOK,PMU,PMUE
627742,2025-10-15 18:31:43.477,AUDA-30254,Online,1,TOK,AUD,AUDA
627743,2025-10-15 18:49:19.563,PMUB-53988,Online,1,YOK,PMU,PMUB
627744,2025-10-15 20:12:20.094,PCTF-27498,Online,1,TOK,PCT,PCTF
627745,2025-10-16 06:36:17.981,ELEA-52753,Online,1,NAO,ELE,ELEA
627746,2025-10-16 08:55:18.737,ELED-58763,Tienda,1,TOK,ELE,ELED
627747,2025-10-16 15:04:15.595,ELEH-84061,Tienda,1,TOK,ELE,ELEH
627748,2025-10-17 01:30:31.701,GFTB-25314,Tienda,1,KYO,GFT,GFTB
627749,2025-10-17 12:24:21.795,TVSH-51985,Online,2,KYO,TVS,TVSH
627750,2025-10-17 17:31:53.819,SALA-26965,Online,1,KYO,SAL,SALA
627751,2025-10-17 21:36:37.369,SALA-16568,Online,3,YOK,SAL,SALA
627752,2025-10-18 02:24:53.673,ELEB-46189,Online,1,TOK,ELE,ELEB
627753,2025-10-18 09:43:50.342,PCTB-11336,Online,1,TOK,PCT,PCTB
627754,2025-10-18 14:29:55.798,ELEE-79787,Online,3,OSA,ELE,ELEE
627755,2025-10-19 01:22:18.550,AUDG-87751,Online,1,TOK,AUD,AUDG
627756,2025-10-19 10:46:00.215,TVSH-51985,Online,1,TOK,TVS,TVSH
627757,2025-10-19 19:00:49.008,PCTE-68553,Online,3,KAW,PCT,PCTE
627758,2025-10-20 01:56:44.726,TREC-68039,Tienda,1,OSA,TRE,TREC
627759,2025-10-20 11:25:55.300,SALD-51207,Online,1,OKA,SAL,SALD
627760,2025-10-20 17:34:42.660,HOGC-38780,Online,1,CHI,HOG,HOGC
627761,2025-10-21 03:45:41.323,TREC-60672,Online,1,TOK,TRE,TREC
627762,2025-10-21 08:13:03.678,VJGC-12458,Tienda,1,YOK,VJG,VJGC
627763,2025-10-21 17:41:30.219,VALC-36991,Tienda,1,TOK,VAL,VALC
627764,2025-10-21 18:01:53.909,SVSB-65802,Tienda,1,YOK,SVS,SVSB
627765,2025-10-22 05:32:42.660,AUDG-56768,Tienda,1,SAP,AUD,AUDG
627766,2025-10-22 17:09:39.024,VALD-69172,Online,1,TOK,VAL,VALD
627767,2025-10-22 18:44:23.059,AUDC-38249,Online,3,OSA,AUD,AUDC
627768,2025-10-23 04:01:10.141,PCTF-40305,Online,1,TOK,PCT,PCTF
627769,2025-10-23 14:10:30.272,AUDG-52341,Online,1,NAO,AUD,AUDG
627770,2025-10-23 14:11:01.190,ELEE-20550,Online,1,TOK,ELE,ELEE
627771,2025-10-23 15:24:58.818,AUDG-52341,Online,3,TOK,AUD,AUDG
627772,2025-10-23 16:48:52.223,PCTG-58763,Online,2,OSA,PCT,PCTG
627773,2025-10-24 03:43:19.171,TCLA-36565,Online,1,TOK,TCL,TCLA
627774,2025-10-24 04:53:16.508,VALA-62707,Online,3,OSA,VAL,VALA
627775,2025-10-24 09:42:11.051,TVSA-92623,Online,1,TOK,TVS,TVSA
627776,2025-10-24 14:33:42.950,TVSF-66259,Online,1,KAW,TVS,TVSF
627777,2025-10-24 21:54:48.511,HIND-99500,Online,1,TOK,HIN,HIND
627778,2025-10-25 08:07:04.172,SVSB-20819,Online,1,OSA,SVS,SVSB
627779,2025-10-25 14:54:54.311,AUDA-30254,Online,1,KOB,AUD,AUDA
627780,2025-10-25 23:47:19.223,CAMC-59852,Online,1,TOK,CAM,CAMC
627781,2025-10-26 00:41:43.376,SVSB-65802,Online,1,NAO,SVS,SVSB
627782,2025-10-26 12:30:50.270,JUGC-29874,Online,1,OSA,JUG,JUGC
627783,2025-10-26 15:12:20.540,ELEB-19207,Online,1,SEN,ELE,ELEB
627784,2025-10-26 22:45:15.325,CAMG-38874,Online,1,TOK,CAM,CAMG
627785,2025-10-27 08:42:54.985,CAMC-26079,Online,3,NAO,CAM,CAMC
627786,2025-10-27 17:24:56.228,SALA-29807,Online,1,KYO,SAL,SALA
627787,2025-10-28 00:36:55.276,HOGC-91549,Online,1,OSA,HOG,HOGC
627788,2025-10-28 02:08:32.539,VALB-75862,Online,3,TOK,VAL,VALB
627789,2025-10-28 07:45:15.911,CAME-79427,Online,3,YOK,CAM,CAME
627790,2025-10-28 08:25:16.853,PCTG-96305,Online,3,TOK,PCT,PCTG
627791,2025-10-28 14:49:18.441,EAGB-35294,Online,1,KAW,EAG,EAGB
627792,2025-10-28 23:40:55.828,TVSC-95263,Online,1,TOK,TVS,TVSC
627793,2025-10-29 03:14:54.285,TVSB-66291,Online,1,TOK,TVS,TVSB
627794,2025-10-29 13:03:54.714,CAMC-34912,Tienda,1,TOK,CAM,CAMC
627795,2025-10-29 23:44:51.211,SALA-29807,Online,1,TOK,SAL,SALA
627796,2025-10-30 05:03:27.976,VALC-53268,Online,1,TOK,VAL,VALC
627797,2025-10-30 10:20:41.734,ELEF-82487,Online,2,TOK,ELE,ELEF
627798,2025-10-30 13:06:34.683,ELEF-43850,Online,1,TOK,ELE,ELEF
627799,2025-10-30 17:04:48.788,SVSA-29587,Online,1,NAO,SVS,SVSA
627800,2025-10-30 19:29:18.389,TREA-84298,Online,1,OKA,TRE,TREA
627801,2025-10-31 01:53:26.215,TVSB-66458,Online,1,TOK,TVS,TVSB
627802,2025-10-31 07:18:44.978,ELEH-89173,Online,1,OSA,ELE,ELEH
627803,2025-10-31 09:30:22.928,PMUA-18768,Online,1,NAO,PMU,PMUA
627804,2025-10-31 10:10:07.749,JUGB-54689,Online,1,TOK,JUG,JUGB
627805,2025-10-31 12:08:36.323,TVSG-83930,Online,1,NAO,TVS,TVSG
627806,2025-10-31 16:38:29.783,DEPB-36492,Online,1,FUK,DEP,DEPB
627807,2025-10-31 22:22:45.808,PCTD-36312,Online,1,TOK,PCT,PCTD
627808,2025-11-01 03:19:09.753,ELEC-73629,Online,1,KOB,ELE,ELEC
627809,2025-11-01 15:00:57.198,CAME-19012,Online,2,YOK,CAM,CAME
627810,2025-11-01 22:59:08.934,ELEF-50722,Tienda,1,TOK,ELE,ELEF
627811,2025-11-02 07:54:21.819,TVSH-51985,Online,1,OSA,TVS,TVSH
627812,2025-11-02 09:25:56.276,TVSE-62811,Online,1,TOK,TVS,TVSE
627813,2025-11-02 19:51:01.108,CAMB-92521,Online,1,NAO,CAM,CAMB
627814,2025-11-02 22:22:19.862,HOGB-23676,Online,1,TOK,HOG,HOGB
627815,2025-11-03 07:58:20.401,EAGB-52586,Tienda,2,OKA,EAG,EAGB
627816,2025-11-03 10:45:12.932,PMUA-32333,Online,1,TOK,PMU,PMUA
627817,2025-11-03 15:24:54.093,ELEH-98580,Online,1,SEN,ELE,ELEH
627818,2025-11-03 16:58:41.732,EAGC-58193,Online,1,NAA,EAG,EAGC
627819,2025-11-04 01:44:05.614,ELEA-95730,Online,1,NAO,ELE,ELEA
627820,2025-11-04 11:47:01.420,ELEF-50722,Online,1,TOK,ELE,ELEF
627821,2025-11-04 16:19:28.587,PMUA-36320,Tienda,1,OSA,PMU,PMUA
627822,2025-11-05 04:02:01.199,AUDF-93663,Online,1,YOK,AUD,AUDF
627823,2025-11-05 14:22:18.512,TVSB-19363,Online,1,TOK,TVS,TVSB
627824,2025-11-05 19:54:42.794,CAMD-21652,Tienda,3,KAW,CAM,CAMD
627825,2025-11-06 07:35:16.391,SALB-57342,Tienda,1,CHI,SAL,SALB
627826,2025-11-06 12:00:57.604,EAGB-93225,Online,1,TOK,EAG,EAGB
627827,2025-11-06 12:33:40.402,TVSH-51985,Online,2,TOK,TVS,TVSH
627828,2025-11-06 20:03:59.019,VJGA-20197,Tienda,1,FUK,VJG,VJGA
627829,2025-11-07 01:55:38.177,ELEE-74121,Online,1,OSA,ELE,ELEE
627830,2025-11-07 07:20:09.225,AUDB-40774,Online,1,YOK,AUD,AUDB
627831,2025-11-07 15:06:04.495,JUGC-46673,Online,3,OSA,JUG,JUGC
627832,2025-11-07 17:48:50.561,VALB-23835,Online,3,KOB,VAL,VALB
627833,2025-11-07 20:15:41.705,ELEF-66710,Online,1,NAO,ELE,ELEF
627834,2025-11-08 07:40:13.823,EAGB-86819,Tienda,3,YOK,EAG,EAGB
627835,2025-11-08 17:52:09.971,SVSC-18384,Online,1,TOK,SVS,SVSC
627836,2025-11-09 05:27:39.624,ELEF-53541,Online,1,TOK,ELE,ELEF
627837,2025-11-09 14:36:56.386,AUDF-48133,Tienda,2,TOK,AUD,AUDF
627838,2025-11-09 19:00:45.389,SALA-26965,Online,1,OSA,SAL,SALA
627839,2025-11-10 02:05:31.425,PMUA-32333,Online,1,OSA,PMU,PMUA
627840,2025-11-10 03:59:27.692,GFTB-83134,Online,1,KAW,GFT,GFTB
627841,2025-11-10 06:07:36.847,GFTA-55595,Online,1,TOK,GFT,GFTA
627842,2025-11-10 08:32:53.544,VALB-23835,Online,1,TOK,VAL,VALB
627843,2025-11-10 10:19:34.319,PMUA-42938,Online,1,OSA,PMU,PMUA
627844,2025-11-10 13:22:48.402,HINC-64692,Online,2,OSA,HIN,HINC
627845,2025-11-10 20:29:14.270,CAMF-87569,Online,1,NAO,CAM,CAMF
627846,2025-11-11 02:25:36.674,JUGA-14058,Online,1,OSA,JUG,JUGA
627847,2025-11-11 10:15:14.090,AUDC-60349,Online,1,KYO,AUD,AUDC
627848,2025-11-11 12:20:46.598,PCTA-43488,Online,2,TOK,PCT,PCTA
627849,2025-11-11 17:43:06.203,PCTA-15104,Online,2,TOK,PCT,PCTA
627850,2025-11-12 05:25:04.098,PCTA-28013,Online,1,TOK,PCT,PCTA
627851,2025-11-12 06:53:09.014,VJGC-12458,Online,1,NAO,VJG,VJGC
627852,2025-11-12 16:02:55.602,AUDE-20785,Online,1,CHI,AUD,AUDE
627853,2025-11-12 16:08:10.064,PCTA-28013,Tienda,2,TOK,PCT,PCTA
627854,2025-11-13 02:40:02.586,TVSH-58041,Online,1,TOK,TVS,TVSH
627855,2025-11-13 03:10:21.177,VJGA-52049,Tienda,3,TOK,VJG,VJGA
627856,2025-11-13 11:18:36.092,AUDG-75395,Online,1,HIR,AUD,AUDG
627857,2025-11-13 22:40:09.946,CAME-36070,Online,1,TOK,CAM,CAME
627858,2025-11-14 09:11:09.445,TREC-60672,Online,1,TOK,TRE,TREC
627859,2025-11-14 19:59:07.990,TVSF-66259,Online,1,TOK,TVS,TVSF
627860,2025-11-15 02:34:44.931,ELED-48374,Tienda,1,YOK,ELE,ELED
627861,2025-11-15 02:38:19.261,HIND-23105,Online,2,TOK,HIN,HIND
627862,2025-11-15 05:13:08.325,VJGA-52049,Tienda,1,SEN,VJG,VJGA
627863,2025-11-15 10:47:11.236,HOGC-38780,Online,2,OSA,HOG,HOGC
627864,2025-11-15 17:08:50.119,PCTE-38007,Online,1,TOK,PCT,PCTE
627865,2025-11-15 19:43:40.033,HIND-78250,Online,1,OSA,HIN,HIND
627866,2025-11-16 07:38:57.532,AUDG-87751,Tienda,1,TOK,AUD,AUDG
627867,2025-11-16 08:48:51.510,AUDB-40774,Online,3,TOK,AUD,AUDB
627868,2025-11-16 18:05:45.662,TVSG-42564,Online,1,OSA,TVS,TVSG
627869,2025-11-17 02:55:00.964,CAME-43041,Online,1,TOK,CAM,CAME
627870,2025-11-17 05:58:28.983,CAMD-91108,Online,1,TOK,CAM,CAMD
627871,2025-11-17 16:47:30.182,TVSF-97412,Online,1,OSA,TVS,TVSF
627872,2025-11-17 19:54:02.240,TVSE-27348,Online,1,OSA,TVS,TVSE
627873,2025-11-17 23:54:32.869,SVSB-70583,Online,1,OSA,SVS,SVSB
627874,2025-11-18 00:17:32.054,SALB-74444,Online,1,TOK,SAL,SALB
627875,2025-11-18 02:16:22.064,TVSB-24886,Online,1,TOK,TVS,TVSB
627876,2025-11-18 02:43:43.096,PMUD-11547,Online,1,OSA,PMU,PMUD
627877,2025-11-18 09:46:37.441,HOGB-42827,Online,1,TOK,HOG,HOGB
627878,2025-11-18 11:09:05.642,HIND-23105,Online,1,KYO,HIN,HIND
627879,2025-11-18 19:22:46.623,ELEE-71242,Online,1,KOB,ELE,ELEE
627880,2025-11-19 01:54:17.470,PCTE-31451,Online,1,TOK,PCT,PCTE
627881,2025-11-19 13:35:59.837,ELEF-46323,Online,1,TOK,ELE,ELEF
627882,2025-11-19 22:49:35.054,TVSH-51985,Online,1,TOK,TVS,TVSH
627883,2025-11-20 09:21:32.937,ELEF-39035,Online,1,TOK,ELE,ELEF
627884,2025-11-20 20:02:08.598,VJGA-88176,Online,1,TOK,VJG,VJGA
627885,2025-11-20 23:08:29.063,AUDF-31318,Tienda,1,YOK,AUD,AUDF
627886,2025-11-21 06:58:45.112,TVSC-48439,Tienda,1,KYO,TVS,TVSC
627887,2025-11-21 18:16:02.674,ELEC-50053,Online,1,TOK,ELE,ELEC
627888,2025-11-22 00:27:08.536,HOGA-90043,Online,3,TOK,HOG,HOGA
627889,2025-11-22 06:51:15.463,SALA-70348,Online,1,TOK,SAL,SALA
627890,2025-11-22 13:55:24.469,VJGC-35545,Online,1,OSA,VJG,VJGC
627891,2025-11-22 15:12:04.157,TVSB-25580,Online,1,TOK,TVS,TVSB
627892,2025-11-23 01:16:20.170,SALC-97425,Online,1,TOK,SAL,SALC
627893,2025-11-23 13:03:26.284,VALA-62707,Online,1,TOK,VAL,VALA
627894,2025-11-23 14:41:06.038,SVSA-27487,Online,1,TOK,SVS,SVSA
627895,2025-11-23 19:40:12.502,ELEB-64108,Online,1,NAO,ELE,ELEB
627896,2025-11-23 23:30:03.316,VALD-12032,Online,2,KYO,VAL,VALD
627897,2025-11-24 07:30:45.010,DEPC-99296,Online,1,YOK,DEP,DEPC
627898,2025-11-24 08:02:47.367,TREA-32333,Online,2,KOB,TRE,TREA
627899,2025-11-24 10:29:44.942,ELEE-74121,Online,1,TOK,ELE,ELEE
627900,2025-11-24 13:59:36.472,TVSG-72043,Online,1,OSA,TVS,TVSG
627901,2025-11-24 23:42:04.913,PCTA-58873,Online,1,OKA,PCT,PCTA
627902,2025-11-25 03:27:20.666,TVSG-17566,Online,3,NAO,TVS,TVSG
627903,2025-11-25 05:27:47.869,TVSC-48439,Tienda,1,TOK,TVS,TVSC
627904,2025-11-25 07:43:33.215,CAMG-19700,Online,1,TOK,CAM,CAMG
627905,2025-11-25 13:44:17.375,VALB-75592,Online,1,TOK,VAL,VALB
627906,2025-11-25 21:18:39.793,GFTB-59305,Tienda,2,OSA,GFT,GFTB
627907,2025-11-26 00:41:58.208,PMUB-53988,Online,1,TOK,PMU,PMUB
627908,2025-11-26 01:27:16.591,TVSA-71943,Online,1,TOK,TVS,TVSA
627909,2025-11-26 03:09:58.392,AUDC-81599,Online,1,TOK,AUD,AUDC
627910,2025-11-26 09:36:08.015,TVSG-83930,Online,1,SAP,TVS,TVSG
627911,2025-11-26 14:05:03.983,HINA-51521,Online,1,TOK,HIN,HINA
627912,2025-11-26 15:54:39.671,SALC-71987,Online,1,TOK,SAL,SALC
627913,2025-11-26 21:08:50.884,TVSB-24886,Online,1,NAO,TVS,TVSB
627914,2025-11-27 06:00:51.713,PCTD-66156,Online,1,SAP,PCT,PCTD
627915,2025-11-27 10:25:09.610,CAME-77505,Tienda,1,TOK,CAM,CAME
627916,2025-11-27 18:58:20.075,AUDC-88968,Online,1,TOK,AUD,AUDC
627917,2025-11-27 20:22:12.909,PMUC-26903,Online,1,KYO,PMU,PMUC
627918,2025-11-28 01:38:35.944,TVSA-71943,Online,1,TOK,TVS,TVSA
627919,2025-11-28 04:52:37.933,AUDF-40095,Online,1,OSA,AUD,AUDF
627920,2025-11-28 05:11:38.670,CAMF-49001,Online,1,YOK,CAM,CAMF
627921,2025-11-28 16:31:40.211,PMUD-76670,Tienda,1,TOK,PMU,PMUD
627922,2025-11-28 20:29:13.378,VALB-74131,Online,1,OSA,VAL,VALB
627923,2025-11-29 08:13:05.688,VALB-76040,Online,1,TOK,VAL,VALB
627924,2025-11-29 14:42:44.236,SVSB-70583,Online,1,OSA,SVS,SVSB
627925,2025-11-29 15:14:47.368,PCTB-11336,Online,3,NAO,PCT,PCTB
627926,2025-11-29 15:47:11.404,TVSB-60547,Online,1,SAI,TVS,TVSB
627927,2025-11-30 01:00:38.610,PMUC-48740,Online,1,TOK,PMU,PMUC
627928,2025-11-30 02:05:49.947,SALA-98787,Online,1,TOK,SAL,SALA
627929,2025-11-30 09:56:36.328,PMUC-76592,Online,2,KYO,PMU,PMUC
627930,2025-11-30 20:37:46.109,PMUE-20159,Online,1,YOK,PMU,PMUE
627931,2025-12-01 03:59:13.983,TVSH-58041,Online,1,OSA,TVS,TVSH
627932,2025-12-01 15:28:19.914,CAME-77505,Online,1,KYO,CAM,CAME
627933,2025-12-01 18:59:40.567,JUGB-13067,Online,1,NAA,JUG,JUGB
627934,2025-12-02 02:44:39.909,TVSB-98079,Online,1,TOK,TVS,TVSB
627935,2025-12-02 03:46:41.556,HOGA-39194,Online,1,OSA,HOG,HOGA
627936,2025-12-02 05:40:18.862,HINA-20484,Online,1,FUK,HIN,HINA
627937,2025-12-02 13:10:42.569,HIND-90525,Online,1,KOB,HIN,HIND
627938,2025-12-02 23:26:47.866,PCTB-10627,Online,2,TOK,PCT,PCTB
627939,2025-12-03 05:24:40.517,PCTG-55933,Online,1,OSA,PCT,PCTG
627940,2025-12-03 11:30:46.410,TREC-55476,Online,3,TOK,TRE,TREC
627941,2025-12-03 19:35:49.905,TVSD-34212,Online,1,NAO,TVS,TVSD
627942,2025-12-03 20:38:44.937,EAGB-86819,Online,1,OKA,EAG,EAGB
627943,2025-12-04 02:39:00.772,CAMG-19965,Online,1,OSA,CAM,CAMG
627944,2025-12-04 07:30:03.352,ELEF-97191,Online,1,TOK,ELE,ELEF
627945,2025-12-04 11:50:22.706,PCTF-57658,Online,1,TOK,PCT,PCTF
627946,2025-12-04 13:42:48.470,SALB-97310,Tienda,3,TOK,SAL,SALB
627947,2025-12-04 17:05:02.857,TVSH-94394,Online,1,TOK,TVS,TVSH
627948,2025-12-05 00:43:18.835,PCTB-11336,Online,1,TOK,PCT,PCTB
627949,2025-12-05 10:30:56.567,TREC-66159,Online,2,NAO,TRE,TREC
627950,2025-12-05 18:15:00.165,TVSA-37154,Online,1,TOK,TVS,TVSA
627951,2025-12-05 21:32:17.184,CAMC-34912,Online,1,OSA,CAM,CAMC
627952,2025-12-06 01:27:06.583,TVSF-54905,Online,1,TOK,TVS,TVSF
627953,2025-12-06 05:46:57.610,PMUC-48740,Online,2,OSA,PMU,PMUC
627954,2025-12-06 11:36:55.382,SALD-51207,Online,1,TOK,SAL,SALD
627955,2025-12-06 20:50:59.317,EAGA-34753,Online,1,TOK,EAG,EAGA
627956,2025-12-07 00:41:17.286,CAMG-19965,Online,1,NAO,CAM,CAMG
627957,2025-12-07 07:22:15.393,TCLB-73973,Online,1,NAO,TCL,TCLB
627958,2025-12-07 12:01:24.056,TVSH-91349,Online,1,OSA,TVS,TVSH
627959,2025-12-07 15:14:54.983,SALA-70348,Online,1,OSA,SAL,SALA
627960,2025-12-07 17:46:21.622,SALC-64898,Online,1,OSA,SAL,SALC
627961,2025-12-08 04:05:16.268,VALC-16514,Online,1,TOK,VAL,VALC
627962,2025-12-08 10:10:16.678,TVSG-30035,Online,1,TOK,TVS,TVSG
627963,2025-12-08 15:50:18.189,TCLC-70860,Online,1,NAO,TCL,TCLC
627964,2025-12-08 16:39:23.044,AUDF-36007,Online,3,YOK,AUD,AUDF
627965,2025-12-09 03:19:40.892,HOGA-98849,Online,1,SAP,HOG,HOGA
627966,2025-12-09 09:29:56.088,HIND-75394,Online,1,NAO,HIN,HIND
627967,2025-12-09 20:12:32.729,EAGC-60739,Tienda,1,OSA,EAG,EAGC
627968,2025-12-10 04:51:15.702,TVSC-32293,Online,1,YOK,TVS,TVSC
627969,2025-12-10 15:38:32.997,GFTA-36137,Online,2,YOK,GFT,GFTA
627970,2025-12-10 23:08:59.521,TREB-96123,Online,1,NAO,TRE,TREB
627971,2025-12-11 00:33:35.022,TVSC-15871,Online,1,TOK,TVS,TVSC
627972,2025-12-11 08:19:15.276,TREC-33239,Online,2,TOK,TRE,TREC
627973,2025-12-11 17:45:29.574,EAGA-33983,Online,1,TOK,EAG,EAGA
627974,2025-12-11 21:45:23.170,JUGB-18137,Online,1,NAO,JUG,JUGB
627975,2025-12-12 03:04:45.770,ELEH-70263,Online,2,SEN,ELE,ELEH
627976,2025-12-12 12:56:56.264,CAMF-39184,Online,1,TOK,CAM,CAMF
627977,2025-12-12 18:39:19.269,PMUD-13214,Online,1,KOB,PMU,PMUD
627978,2025-12-13 04:15:18.567,JUGC-46673,Online,1,OSA,JUG,JUGC
627979,2025-12-13 15:24:49.366,VALD-36480,Online,1,OSA,VAL,VALD
627980,2025-12-14 02:07:28.514,PCTF-23943,Online,1,OSA,PCT,PCTF
627981,2025-12-14 05:02:24.632,TREA-32333,Online,1,OSA,TRE,TREA
627982,2025-12-14 06:01:23.877,HINC-62430,Online,1,KOB,HIN,HINC
627983,2025-12-14 13:11:19.461,CAMC-93921,Online,2,FUK,CAM,CAMC
627984,2025-12-14 19:41:14.169,ELEH-14712,Online,1,NAO,ELE,ELEH
627985,2025-12-15 07:34:44.953,ELEE-20550,Online,1,OSA,ELE,ELEE
627986,2025-12-15 08:37:24.646,AUDA-83559,Online,1,OSA,AUD,AUDA
627987,2025-12-15 14:37:24.724,ELED-58763,Online,1,SAI,ELE,ELED
627988,2025-12-16 00:44:01.347,PCTD-36312,Online,3,TOK,PCT,PCTD
627989,2025-12-16 01:25:54.565,CAMC-93921,Online,2,TOK,CAM,CAMC
627990,2025-12-16 04:28:41.808,SALC-25944,Online,3,OSA,SAL,SALC
627991,2025-12-16 06:30:02.301,DEPC-53900,Online,1,YOK,DEP,DEPC
627992,2025-12-16 12:40:08.352,PMUC-90916,Tienda,1,OSA,PMU,PMUC
627993,2025-12-16 15:37:13.225,HINB-59918,Online,1,TOK,HIN,HINB
627994,2025-12-17 00:18:57.208,TCLB-22760,Online,3,NAO,TCL,TCLB
627995,2025-12-17 09:18:28.233,JUGC-88258,Online,3,OSA,JUG,JUGC
627996,2025-12-17 10:41:24.844,EAGA-33983,Online,2,KYO,EAG,EAGA
627997,2025-12-17 18:20:32.142,JUGC-29874,Tienda,1,SAI,JUG,JUGC
627998,2025-12-17 20:56:58.106,PMUB-71172,Online,1,YOK,PMU,PMUB
627999,2025-12-18 03:42:40.281,TCLB-78566,Online,1,TOK,TCL,TCLB
628000,2025-12-18 14:58:49.440,CAMB-33140,Online,2,TOK,CAM,CAMB
628001,2025-12-19 00:21:47.121,JUGB-54689,Tienda,1,YOK,JUG,JUGB
628002,2025-12-19 04:31:27.232,ELEF-39035,Online,3,YOK,ELE,ELEF
628003,2025-12-19 09:22:37.385,HIND-23105,Online,1,OSA,HIN,HIND
628004,2025-12-19 10:23:13.373,PCTE-51280,Online,3,OSA,PCT,PCTE
628005,2025-12-19 14:41:38.383,SVSC-18384,Online,3,TOK,SVS,SVSC
628006,2025-12-19 23:41:36.308,CAME-61862,Online,3,NAO,CAM,CAME
628007,2025-12-20 06:55:39.096,TVSG-48474,Online,1,TOK,TVS,TVSG
628008,2025-12-20 16:19:38.843,SVSC-92567,Online,2,TOK,SVS,SVSC
628009,2025-12-20 18:33:53.967,CAMF-14763,Online,1,KYO,CAM,CAMF
628010,2025-12-20 19:13:59.514,PMUA-22826,Online,2,YOK,PMU,PMUA
628011,2025-12-20 20:17:18.334,SALA-70348,Tienda,1,TOK,SAL,SALA
628012,2025-12-21 04:47:54.969,TVSA-69059,Online,1,TOK,TVS,TVSA
628013,2025-12-21 12:04:02.290,PCTB-15419,Online,1,SAP,PCT,PCTB
628014,2025-12-21 19:37:18.810,HIND-99500,Online,1,OSA,HIN,HIND
628015,2025-12-22 01:05:09.785,VALB-75592,Online,1,OSA,VAL,VALB
628016,2025-12-22 04:21:04.043,DEPC-53900,Online,1,OSA,DEP,DEPC
628017,2025-12-22 11:14:28.007,VALB-74131,Online,1,OSA,VAL,VALB
628018,2025-12-22 17:58:51.496,TVSJ-18870,Online,1,NAO,TVS,TVSJ
628019,2025-12-23 03:42:04.968,EAGA-51758,Online,2,TOK,EAG,EAGA
628020,2025-12-23 15:36:55.205,SALB-97310,Online,1,TOK,SAL,SALB
628021,2025-12-23 22:41:41.862,HIND-75394,Online,2,YOK,HIN,HIND
628022,2025-12-24 10:37:26.309,CAMF-10559,Online,1,TOK,CAM,CAMF
628023,2025-12-24 22:35:52.374,AUDC-38249,Tienda,1,OSA,AUD,AUDC
628024,2025-12-25 07:56:35.708,TVSA-71943,Online,1,HIR,TVS,TVSA
628025,2025-12-25 13:41:20.233,TVSC-76915,Online,1,TOK,TVS,TVSC
628026,2025-12-25 15:34:20.087,TREA-32333,Tienda,1,TOK,TRE,TREA
628027,2025-12-25 15:44:44.849,ELEE-71222,Online,1,CHI,ELE,ELEE
628028,2025-12-25 20:56:46.387,CAMB-51587,Online,1,NAO,CAM,CAMB
628029,2025-12-26 04:38:44.935,CAMC-34912,Online,1,OSA,CAM,CAMC
628030,2025-12-26 15:26:46.576,VALC-37887,Online,1,KYO,VAL,VALC
628031,2025-12-26 23:46:41.264,PCTE-31451,Tienda,1,TOK,PCT,PCTE
628032,2025-12-27 10:32:29.538,AUDD-14488,Online,1,NAO,AUD,AUDD
628033,2025-12-27 14:11:23.220,DEPC-31630,Tienda,1,NAO,DEP,DEPC
628034,2025-12-28 00:00:56.794,JUGC-20500,Tienda,1,TOK,JUG,JUGC
628035,2025-12-28 08:32:46.732,SALA-13420,Online,1,NAO,SAL,SALA
628036,2025-12-28 12:11:01.305,ELEB-19207,Online,3,YOK,ELE,ELEB
628037,2025-12-28 17:32:01.468,TREB-65857,Online,3,KAW,TRE,TREB
628038,2025-12-29 00:12:54.339,HOGC-91549,Online,1,TOK,HOG,HOGC
628039,2025-12-29 11:08:26.837,TVSG-32098,Online,1,TOK,TVS,TVSG
628040,2025-12-29 22:02:03.098,PCTB-39061,Online,1,HIR,PCT,PCTB
628041,2025-12-30 06:18:08.703,GFTA-84928,Online,1,NAO,GFT,GFTA
628042,2025-12-30 16:42:44.045,EAGC-85452,Online,3,TOK,EAG,EAGC
628043,2025-12-31 01:25:48.902,JUGA-37600,Online,1,YOK,JUG,JUGA
628044,2025-12-31 05:08:38.396,SVSC-14017,Tienda,3,NAO,SVS,SVSC
628045,2025-12-31 12:31:05.713,PMUB-43343,Online,1,TOK,PMU,PMUB
628046,2025-12-31 12:45:53.750,PCTF-64290,Online,1,TOK,PCT,PCTF
628047,2025-12-31 20:39:32.436,AUDC-77489,Online,1,TOK,AUD,AUDC
